-- phpMyAdmin SQL Dump
-- version 4.7.4
-- https://www.phpmyadmin.net/
--
-- Gép: 127.0.0.1
-- Létrehozás ideje: 2019. Feb 13. 13:20
-- Kiszolgáló verziója: 10.1.29-MariaDB
-- PHP verzió: 7.2.0

SET SQL_MODE = "NO_AUTO_VALUE_ON_ZERO";
SET AUTOCOMMIT = 0;
START TRANSACTION;
SET time_zone = "+00:00";


/*!40101 SET @OLD_CHARACTER_SET_CLIENT=@@CHARACTER_SET_CLIENT */;
/*!40101 SET @OLD_CHARACTER_SET_RESULTS=@@CHARACTER_SET_RESULTS */;
/*!40101 SET @OLD_COLLATION_CONNECTION=@@COLLATION_CONNECTION */;
/*!40101 SET NAMES utf8mb4 */;

--
-- Adatbázis: `vegyszerraktar`
--
CREATE DATABASE IF NOT EXISTS `vegyszerraktar` DEFAULT CHARACTER SET utf8 COLLATE utf8_hungarian_ci;
USE `vegyszerraktar`;

-- --------------------------------------------------------

--
-- Tábla szerkezet ehhez a táblához `baleset`
--

CREATE TABLE `baleset` (
  `baleset_id` int(11) NOT NULL,
  `baleset_datum` date NOT NULL,
  `user_id` int(11) NOT NULL,
  `baleset_leiras` varchar(255) COLLATE utf8_hungarian_ci DEFAULT NULL,
  `baleset_jegyzokonyv` varchar(20) COLLATE utf8_hungarian_ci DEFAULT NULL
) ENGINE=InnoDB DEFAULT CHARSET=utf8 COLLATE=utf8_hungarian_ci;

--
-- A tábla adatainak kiíratása `baleset`
--

INSERT INTO `baleset` (`baleset_id`, `baleset_datum`, `user_id`, `baleset_leiras`, `baleset_jegyzokonyv`) VALUES
(1, '2018-10-22', 3, 'Rakodás-technikai hiba, egy álvány túl lett terhelve, enyhe személyi sérülés', '2321-32-as'),
(2, '2018-11-30', 2, 'Gondatlanság, eltörlt egy üveg sósav, enyhe személyi sérülés', '2311-23-gf'),
(3, '2019-01-13', 2, 'Eljárás-technikai elővigyázatlanság, mégező anyag a levegőben, szellőzés végett nincs személyi panasz', '2123-86-kn');

-- --------------------------------------------------------

--
-- Tábla szerkezet ehhez a táblához `baleseterintett`
--

CREATE TABLE `baleseterintett` (
  `baleset_id` int(11) NOT NULL,
  `user_id` int(11) NOT NULL
) ENGINE=InnoDB DEFAULT CHARSET=utf8 COLLATE=utf8_hungarian_ci;

--
-- A tábla adatainak kiíratása `baleseterintett`
--

INSERT INTO `baleseterintett` (`baleset_id`, `user_id`) VALUES
(1, 1),
(2, 2),
(2, 1),
(3, 1),
(3, 2);

-- --------------------------------------------------------

--
-- Tábla szerkezet ehhez a táblához `beszallito`
--

CREATE TABLE `beszallito` (
  `beszallito_id` varchar(15) COLLATE utf8_hungarian_ci NOT NULL,
  `beszallito_nev` varchar(30) COLLATE utf8_hungarian_ci NOT NULL,
  `beszallito_szekhely` varchar(40) COLLATE utf8_hungarian_ci DEFAULT NULL,
  `beszallito_ervenyes` binary(1) DEFAULT NULL
) ENGINE=InnoDB DEFAULT CHARSET=utf8 COLLATE=utf8_hungarian_ci;

--
-- A tábla adatainak kiíratása `beszallito`
--

INSERT INTO `beszallito` (`beszallito_id`, `beszallito_nev`, `beszallito_szekhely`, `beszallito_ervenyes`) VALUES
('chemoker', 'Cemolker Kft.', '2750 Nagykőrös, Baracsi u. 3.', 0x31),
('novochem', 'Novochem Kereskedelmi és Szolg', '1089 Budapest, Orczy út 6.', 0x31),
('reanal', 'Reanal Laborvegyszer Kft.', '1158 Budapest, Késmárk u. 9.', 0x31);

-- --------------------------------------------------------

--
-- Tábla szerkezet ehhez a táblához `beszerzes`
--

CREATE TABLE `beszerzes` (
  `termek_quant_id` int(11) NOT NULL,
  `user_id` int(11) NOT NULL,
  `beszerzes_datum` date NOT NULL,
  `beszerzes_mennyiseg` int(11) NOT NULL,
  `beszerzes_megrendelt` binary(1) DEFAULT NULL,
  `beszerzes_teljesites` date DEFAULT NULL,
  `beszerzes_modosit` varchar(10) COLLATE utf8_hungarian_ci DEFAULT NULL,
  `beszerzes_erveny` binary(1) DEFAULT NULL
) ENGINE=InnoDB DEFAULT CHARSET=utf8 COLLATE=utf8_hungarian_ci;

--
-- A tábla adatainak kiíratása `beszerzes`
--

INSERT INTO `beszerzes` (`termek_quant_id`, `user_id`, `beszerzes_datum`, `beszerzes_mennyiseg`, `beszerzes_megrendelt`, `beszerzes_teljesites`, `beszerzes_modosit`, `beszerzes_erveny`) VALUES
(1, 3, '2017-12-12', 26, 0x31, '2017-12-23', '3', 0x30),
(2, 3, '2017-12-12', 56, 0x31, '2017-12-23', '3', 0x30),
(3, 3, '2017-12-12', 6, 0x31, '2017-12-23', '3', 0x30),
(4, 3, '2017-12-12', 28, 0x31, '2017-12-23', '3', 0x30),
(5, 3, '2017-12-12', 13, 0x31, '2017-12-23', '3', 0x30),
(6, 3, '2017-12-12', 12, 0x31, '2017-12-23', '3', 0x30),
(7, 3, '2017-12-12', 26, 0x31, '2017-12-23', '3', 0x30),
(8, 3, '2017-12-12', 39, 0x31, '2017-12-23', '3', 0x30),
(9, 3, '2017-12-12', 19, 0x31, '2017-12-23', '3', 0x30),
(10, 3, '2017-12-12', 43, 0x31, '2017-12-23', '3', 0x30),
(11, 3, '2017-12-12', 23, 0x31, '2017-12-23', '3', 0x30),
(12, 3, '2017-12-12', 24, 0x31, '2017-12-23', '3', 0x30),
(13, 3, '2017-12-12', 5, 0x31, '2017-12-23', '3', 0x30),
(14, 3, '2017-12-12', 42, 0x31, '2017-12-23', '3', 0x30),
(15, 3, '2017-12-12', 7, 0x31, '2017-12-23', '3', 0x30),
(16, 3, '2017-12-12', 3, 0x31, '2017-12-23', '3', 0x30),
(17, 3, '2017-12-12', 26, 0x31, '2017-12-23', '3', 0x30),
(18, 3, '2017-12-12', 4, 0x31, '2017-12-23', '3', 0x30),
(19, 3, '2017-12-12', 15, 0x31, '2017-12-23', '3', 0x30),
(20, 3, '2017-12-12', 24, 0x31, '2017-12-23', '3', 0x30),
(21, 3, '2017-12-12', 29, 0x31, '2017-12-23', '3', 0x30),
(22, 3, '2017-12-12', 2, 0x31, '2017-12-23', '3', 0x30),
(23, 3, '2017-12-12', 23, 0x31, '2017-12-23', '3', 0x30),
(24, 3, '2017-12-12', 22, 0x31, '2017-12-23', '3', 0x30),
(25, 3, '2017-12-12', 21, 0x31, '2017-12-23', '3', 0x30),
(26, 3, '2017-12-12', 34, 0x31, '2017-12-23', '3', 0x30),
(27, 3, '2017-12-12', 40, 0x31, '2017-12-23', '3', 0x30),
(28, 3, '2017-12-12', 34, 0x31, '2017-12-23', '3', 0x30),
(29, 3, '2017-12-12', 59, 0x31, '2017-12-23', '3', 0x30),
(30, 3, '2017-12-12', 23, 0x31, '2017-12-23', '3', 0x30),
(31, 3, '2017-12-12', 16, 0x31, '2017-12-23', '3', 0x30),
(32, 3, '2017-12-12', 5, 0x31, '2017-12-23', '3', 0x30),
(33, 3, '2017-12-12', 31, 0x31, '2017-12-23', '3', 0x30),
(34, 3, '2017-12-12', 21, 0x31, '2017-12-23', '3', 0x30),
(35, 3, '2017-12-12', 17, 0x31, '2017-12-23', '3', 0x30),
(36, 3, '2017-12-12', 47, 0x31, '2017-12-23', '3', 0x30),
(37, 3, '2017-12-12', 5, 0x31, '2017-12-23', '3', 0x30),
(38, 3, '2017-12-12', 8, 0x31, '2017-12-23', '3', 0x30),
(39, 3, '2017-12-12', 9, 0x31, '2017-12-23', '3', 0x30),
(40, 3, '2017-12-12', 36, 0x31, '2017-12-23', '3', 0x30),
(41, 3, '2017-12-12', 0, 0x31, '2017-12-23', '3', 0x30),
(42, 3, '2017-12-12', 2, 0x31, '2017-12-23', '3', 0x30),
(43, 3, '2017-12-12', 37, 0x31, '2017-12-23', '3', 0x30),
(44, 3, '2017-12-12', 31, 0x31, '2017-12-23', '3', 0x30),
(45, 3, '2017-12-12', 38, 0x31, '2017-12-23', '3', 0x30),
(46, 3, '2017-12-12', 12, 0x31, '2017-12-23', '3', 0x30),
(47, 3, '2017-12-12', 24, 0x31, '2017-12-23', '3', 0x30),
(48, 3, '2017-12-12', 15, 0x31, '2017-12-23', '3', 0x30),
(49, 3, '2017-12-12', 13, 0x31, '2017-12-23', '3', 0x30),
(50, 3, '2017-12-12', 4, 0x31, '2017-12-23', '3', 0x30),
(51, 3, '2017-12-12', 15, 0x31, '2017-12-23', '3', 0x30),
(52, 3, '2017-12-12', 22, 0x31, '2017-12-23', '3', 0x30),
(53, 3, '2017-12-12', 25, 0x31, '2017-12-23', '3', 0x30),
(54, 3, '2017-12-12', 40, 0x31, '2017-12-23', '3', 0x30),
(55, 3, '2017-12-12', 2, 0x31, '2017-12-23', '3', 0x30),
(56, 3, '2017-12-12', 17, 0x31, '2017-12-23', '3', 0x30),
(57, 3, '2017-12-12', 20, 0x31, '2017-12-23', '3', 0x30),
(58, 3, '2017-12-12', 5, 0x31, '2017-12-23', '3', 0x30),
(59, 3, '2017-12-12', 2, 0x31, '2017-12-23', '3', 0x30),
(60, 3, '2017-12-12', 19, 0x31, '2017-12-23', '3', 0x30),
(61, 3, '2017-12-12', 35, 0x31, '2017-12-23', '3', 0x30),
(62, 3, '2017-12-12', 34, 0x31, '2017-12-23', '3', 0x30),
(63, 3, '2017-12-12', 38, 0x31, '2017-12-23', '3', 0x30),
(64, 3, '2017-12-12', 4, 0x31, '2017-12-23', '3', 0x30),
(65, 3, '2017-12-12', 6, 0x31, '2017-12-23', '3', 0x30),
(66, 3, '2017-12-12', 27, 0x31, '2017-12-23', '3', 0x30),
(67, 3, '2017-12-12', 13, 0x31, '2017-12-23', '3', 0x30),
(68, 3, '2017-12-12', 8, 0x31, '2017-12-23', '3', 0x30),
(69, 3, '2017-12-12', 69, 0x31, '2017-12-23', '3', 0x30),
(70, 3, '2017-12-12', 0, 0x31, '2017-12-23', '3', 0x30),
(71, 3, '2017-12-12', 65, 0x31, '2017-12-23', '3', 0x30),
(72, 3, '2017-12-12', 19, 0x31, '2017-12-23', '3', 0x30),
(73, 3, '2017-12-12', 12, 0x31, '2017-12-23', '3', 0x30),
(74, 3, '2017-12-12', 8, 0x31, '2017-12-23', '3', 0x30),
(75, 3, '2017-12-12', 27, 0x31, '2017-12-23', '3', 0x30),
(76, 3, '2017-12-12', 0, 0x31, '2017-12-23', '3', 0x30),
(77, 3, '2017-12-12', 16, 0x31, '2017-12-23', '3', 0x30),
(78, 3, '2017-12-12', 28, 0x31, '2017-12-23', '3', 0x30),
(79, 3, '2017-12-12', 17, 0x31, '2017-12-23', '3', 0x30),
(80, 3, '2017-12-12', 25, 0x31, '2017-12-23', '3', 0x30),
(81, 3, '2017-12-12', 25, 0x31, '2017-12-23', '3', 0x30),
(82, 3, '2017-12-12', 16, 0x31, '2017-12-23', '3', 0x30),
(83, 3, '2017-12-12', 32, 0x31, '2017-12-23', '3', 0x30),
(84, 3, '2017-12-12', 25, 0x31, '2017-12-23', '3', 0x30),
(85, 3, '2017-12-12', 24, 0x31, '2017-12-23', '3', 0x30),
(86, 3, '2017-12-12', 18, 0x31, '2017-12-23', '3', 0x30),
(87, 3, '2017-12-12', 13, 0x31, '2017-12-23', '3', 0x30),
(88, 3, '2017-12-12', 9, 0x31, '2017-12-23', '3', 0x30),
(89, 3, '2017-12-12', 12, 0x31, '2017-12-23', '3', 0x30),
(90, 3, '2017-12-12', 36, 0x31, '2017-12-23', '3', 0x30),
(91, 3, '2017-12-12', 28, 0x31, '2017-12-23', '3', 0x30),
(92, 3, '2017-12-12', 11, 0x31, '2017-12-23', '3', 0x30),
(93, 3, '2017-12-12', 21, 0x31, '2017-12-23', '3', 0x30),
(94, 3, '2017-12-12', 21, 0x31, '2017-12-23', '3', 0x30),
(95, 3, '2017-12-12', 41, 0x31, '2017-12-23', '3', 0x30),
(96, 3, '2017-12-12', 12, 0x31, '2017-12-23', '3', 0x30),
(97, 3, '2017-12-12', 21, 0x31, '2017-12-23', '3', 0x30),
(98, 3, '2017-12-12', 17, 0x31, '2017-12-23', '3', 0x30),
(99, 3, '2017-12-12', 26, 0x31, '2017-12-23', '3', 0x30),
(100, 3, '2017-12-12', 19, 0x31, '2017-12-23', '3', 0x30),
(101, 3, '2017-12-12', 16, 0x31, '2017-12-23', '3', 0x30),
(102, 3, '2017-12-12', 29, 0x31, '2017-12-23', '3', 0x30),
(103, 3, '2017-12-12', 2, 0x31, '2017-12-23', '3', 0x30),
(104, 3, '2017-12-12', 23, 0x31, '2017-12-23', '3', 0x30),
(105, 3, '2017-12-12', 26, 0x31, '2017-12-23', '3', 0x30),
(106, 3, '2017-12-12', 21, 0x31, '2017-12-23', '3', 0x30),
(107, 3, '2017-12-12', 0, 0x31, '2017-12-23', '3', 0x30),
(108, 3, '2017-12-12', 10, 0x31, '2017-12-23', '3', 0x30),
(109, 3, '2017-12-12', 0, 0x31, '2017-12-23', '3', 0x30),
(110, 3, '2017-12-12', 25, 0x31, '2017-12-23', '3', 0x30),
(111, 3, '2017-12-12', 28, 0x31, '2017-12-23', '3', 0x30),
(112, 3, '2017-12-12', 11, 0x31, '2017-12-23', '3', 0x30),
(113, 3, '2017-12-12', 15, 0x31, '2017-12-23', '3', 0x30),
(114, 3, '2017-12-12', 10, 0x31, '2017-12-23', '3', 0x30),
(115, 3, '2017-12-12', 14, 0x31, '2017-12-23', '3', 0x30),
(116, 3, '2017-12-12', 7, 0x31, '2017-12-23', '3', 0x30),
(117, 3, '2017-12-12', 28, 0x31, '2017-12-23', '3', 0x30),
(118, 3, '2017-12-12', 1, 0x31, '2017-12-23', '3', 0x30),
(119, 3, '2017-12-12', 24, 0x31, '2017-12-23', '3', 0x30),
(120, 3, '2017-12-12', 2, 0x31, '2017-12-23', '3', 0x30),
(121, 3, '2017-12-12', 6, 0x31, '2017-12-23', '3', 0x30),
(122, 3, '2017-12-12', 25, 0x31, '2017-12-23', '3', 0x30),
(123, 3, '2017-12-12', 14, 0x31, '2017-12-23', '3', 0x30),
(124, 3, '2017-12-12', 26, 0x31, '2017-12-23', '3', 0x30),
(125, 3, '2017-12-12', 21, 0x31, '2017-12-23', '3', 0x30),
(126, 3, '2017-12-12', 27, 0x31, '2017-12-23', '3', 0x30),
(127, 3, '2017-12-12', 26, 0x31, '2017-12-23', '3', 0x30),
(128, 3, '2017-12-12', 46, 0x31, '2017-12-23', '3', 0x30),
(129, 3, '2017-12-12', 3, 0x31, '2017-12-23', '3', 0x30),
(130, 3, '2017-12-12', 11, 0x31, '2017-12-23', '3', 0x30),
(131, 3, '2017-12-12', 56, 0x31, '2017-12-23', '3', 0x30),
(132, 3, '2017-12-12', 20, 0x31, '2017-12-23', '3', 0x30),
(133, 3, '2017-12-12', 23, 0x31, '2017-12-23', '3', 0x30),
(134, 3, '2017-12-12', 15, 0x31, '2017-12-23', '3', 0x30),
(135, 3, '2017-12-12', 28, 0x31, '2017-12-23', '3', 0x30),
(136, 3, '2017-12-12', 21, 0x31, '2017-12-23', '3', 0x30),
(137, 3, '2017-12-12', 9, 0x31, '2017-12-23', '3', 0x30),
(138, 3, '2017-12-12', 12, 0x31, '2017-12-23', '3', 0x30),
(139, 3, '2017-12-12', 1, 0x31, '2017-12-23', '3', 0x30),
(140, 3, '2017-12-12', 23, 0x31, '2017-12-23', '3', 0x30),
(141, 3, '2017-12-12', 3, 0x31, '2017-12-23', '3', 0x30),
(142, 3, '2017-12-12', 1, 0x31, '2017-12-23', '3', 0x30),
(143, 3, '2017-12-12', 51, 0x31, '2017-12-23', '3', 0x30),
(144, 3, '2017-12-12', 6, 0x31, '2017-12-23', '3', 0x30),
(145, 3, '2017-12-12', 19, 0x31, '2017-12-23', '3', 0x30),
(146, 3, '2017-12-12', 40, 0x31, '2017-12-23', '3', 0x30),
(147, 3, '2017-12-12', 16, 0x31, '2017-12-23', '3', 0x30),
(148, 3, '2017-12-12', 31, 0x31, '2017-12-23', '3', 0x30),
(149, 3, '2017-12-12', 31, 0x31, '2017-12-23', '3', 0x30),
(150, 3, '2017-12-12', 17, 0x31, '2017-12-23', '3', 0x30),
(151, 3, '2017-12-12', 34, 0x31, '2017-12-23', '3', 0x30),
(152, 3, '2017-12-12', 38, 0x31, '2017-12-23', '3', 0x30),
(153, 3, '2017-12-12', 24, 0x31, '2017-12-23', '3', 0x30),
(154, 3, '2017-12-12', 19, 0x31, '2017-12-23', '3', 0x30),
(155, 3, '2017-12-12', 29, 0x31, '2017-12-23', '3', 0x30),
(156, 3, '2017-12-12', 25, 0x31, '2017-12-23', '3', 0x30),
(157, 3, '2017-12-12', 26, 0x31, '2017-12-23', '3', 0x30),
(158, 3, '2017-12-12', 42, 0x31, '2017-12-23', '3', 0x30),
(159, 3, '2017-12-12', 15, 0x31, '2017-12-23', '3', 0x30),
(160, 3, '2017-12-12', 38, 0x31, '2017-12-23', '3', 0x30),
(161, 3, '2017-12-12', 25, 0x31, '2017-12-23', '3', 0x30),
(162, 3, '2017-12-12', 30, 0x31, '2017-12-23', '3', 0x30),
(163, 3, '2017-12-12', 31, 0x31, '2017-12-23', '3', 0x30),
(164, 3, '2017-12-12', 20, 0x31, '2017-12-23', '3', 0x30),
(165, 3, '2017-12-12', 28, 0x31, '2017-12-23', '3', 0x30),
(166, 3, '2017-12-12', 32, 0x31, '2017-12-23', '3', 0x30),
(167, 3, '2017-12-12', 29, 0x31, '2017-12-23', '3', 0x30),
(168, 3, '2017-12-12', 47, 0x31, '2017-12-23', '3', 0x30),
(169, 3, '2017-12-12', 18, 0x31, '2017-12-23', '3', 0x30),
(170, 3, '2017-12-12', 2, 0x31, '2017-12-23', '3', 0x30),
(171, 3, '2017-12-12', 22, 0x31, '2017-12-23', '3', 0x30),
(172, 3, '2017-12-12', 28, 0x31, '2017-12-23', '3', 0x30),
(173, 3, '2017-12-12', 25, 0x31, '2017-12-23', '3', 0x30),
(174, 3, '2017-12-12', 0, 0x31, '2017-12-23', '3', 0x30),
(175, 3, '2017-12-12', 27, 0x31, '2017-12-23', '3', 0x30),
(176, 3, '2017-12-12', 52, 0x31, '2017-12-23', '3', 0x30),
(177, 3, '2017-12-12', 28, 0x31, '2017-12-23', '3', 0x30),
(178, 3, '2017-12-12', 27, 0x31, '2017-12-23', '3', 0x30),
(179, 3, '2017-12-12', 25, 0x31, '2017-12-23', '3', 0x30),
(180, 3, '2017-12-12', 20, 0x31, '2017-12-23', '3', 0x30),
(181, 3, '2017-12-12', 27, 0x31, '2017-12-23', '3', 0x30),
(182, 3, '2017-12-12', 38, 0x31, '2017-12-23', '3', 0x30),
(183, 3, '2017-12-12', 11, 0x31, '2017-12-23', '3', 0x30),
(184, 3, '2017-12-12', 12, 0x31, '2017-12-23', '3', 0x30),
(185, 3, '2017-12-12', 26, 0x31, '2017-12-23', '3', 0x30),
(186, 3, '2017-12-12', 16, 0x31, '2017-12-23', '3', 0x30),
(187, 3, '2017-12-12', 27, 0x31, '2017-12-23', '3', 0x30),
(188, 3, '2017-12-12', 9, 0x31, '2017-12-23', '3', 0x30),
(189, 3, '2017-12-12', 28, 0x31, '2017-12-23', '3', 0x30),
(190, 3, '2017-12-12', 16, 0x31, '2017-12-23', '3', 0x30),
(191, 3, '2017-12-12', 15, 0x31, '2017-12-23', '3', 0x30),
(192, 3, '2017-12-12', 5, 0x31, '2017-12-23', '3', 0x30),
(193, 3, '2017-12-12', 17, 0x31, '2017-12-23', '3', 0x30),
(194, 3, '2017-12-12', 6, 0x31, '2017-12-23', '3', 0x30),
(195, 3, '2017-12-12', 16, 0x31, '2017-12-23', '3', 0x30),
(196, 3, '2017-12-12', 2, 0x31, '2017-12-23', '3', 0x30),
(197, 3, '2017-12-12', 15, 0x31, '2017-12-23', '3', 0x30),
(198, 3, '2017-12-12', 4, 0x31, '2017-12-23', '3', 0x30),
(199, 3, '2017-12-12', 13, 0x31, '2017-12-23', '3', 0x30),
(200, 3, '2017-12-12', 19, 0x31, '2017-12-23', '3', 0x30),
(201, 3, '2017-12-12', 40, 0x31, '2017-12-23', '3', 0x30),
(202, 3, '2017-12-12', 29, 0x31, '2017-12-23', '3', 0x30),
(203, 3, '2017-12-12', 20, 0x31, '2017-12-23', '3', 0x30),
(204, 3, '2017-12-12', 15, 0x31, '2017-12-23', '3', 0x30),
(205, 3, '2017-12-12', 45, 0x31, '2017-12-23', '3', 0x30),
(206, 3, '2017-12-12', 15, 0x31, '2017-12-23', '3', 0x30),
(207, 3, '2017-12-12', 40, 0x31, '2017-12-23', '3', 0x30),
(208, 3, '2017-12-12', 44, 0x31, '2017-12-23', '3', 0x30),
(209, 3, '2017-12-12', 9, 0x31, '2017-12-23', '3', 0x30),
(210, 3, '2017-12-12', 8, 0x31, '2017-12-23', '3', 0x30),
(211, 3, '2017-12-12', 16, 0x31, '2017-12-23', '3', 0x30),
(212, 3, '2017-12-12', 20, 0x31, '2017-12-23', '3', 0x30),
(213, 3, '2017-12-12', 24, 0x31, '2017-12-23', '3', 0x30),
(214, 3, '2017-12-12', 7, 0x31, '2017-12-23', '3', 0x30),
(215, 3, '2017-12-12', 47, 0x31, '2017-12-23', '3', 0x30),
(216, 3, '2017-12-12', 5, 0x31, '2017-12-23', '3', 0x30),
(217, 3, '2017-12-12', 4, 0x31, '2017-12-23', '3', 0x30),
(218, 3, '2017-12-12', 50, 0x31, '2017-12-23', '3', 0x30),
(219, 3, '2017-12-12', 19, 0x31, '2017-12-23', '3', 0x30),
(220, 3, '2017-12-12', 2, 0x31, '2017-12-23', '3', 0x30),
(221, 3, '2017-12-12', 0, 0x31, '2017-12-23', '3', 0x30),
(222, 3, '2017-12-12', 2, 0x31, '2017-12-23', '3', 0x30),
(223, 3, '2017-12-12', 39, 0x31, '2017-12-23', '3', 0x30),
(224, 3, '2017-12-12', 23, 0x31, '2017-12-23', '3', 0x30),
(225, 3, '2017-12-12', 3, 0x31, '2017-12-23', '3', 0x30),
(226, 3, '2017-12-12', 21, 0x31, '2017-12-23', '3', 0x30),
(227, 3, '2017-12-12', 0, 0x31, '2017-12-23', '3', 0x30),
(228, 3, '2017-12-12', 14, 0x31, '2017-12-23', '3', 0x30),
(229, 3, '2017-12-12', 22, 0x31, '2017-12-23', '3', 0x30),
(230, 3, '2017-12-12', 46, 0x31, '2017-12-23', '3', 0x30),
(231, 3, '2017-12-12', 30, 0x31, '2017-12-23', '3', 0x30),
(232, 3, '2017-12-12', 8, 0x31, '2017-12-23', '3', 0x30),
(233, 3, '2017-12-12', 31, 0x31, '2017-12-23', '3', 0x30),
(234, 3, '2017-12-12', 20, 0x31, '2017-12-23', '3', 0x30),
(235, 3, '2017-12-12', 5, 0x31, '2017-12-23', '3', 0x30),
(236, 3, '2017-12-12', 28, 0x31, '2017-12-23', '3', 0x30),
(237, 3, '2017-12-12', 21, 0x31, '2017-12-23', '3', 0x30),
(238, 3, '2017-12-12', 13, 0x31, '2017-12-23', '3', 0x30),
(239, 3, '2017-12-12', 26, 0x31, '2017-12-23', '3', 0x30),
(240, 3, '2017-12-12', 2, 0x31, '2017-12-23', '3', 0x30),
(241, 3, '2017-12-12', 30, 0x31, '2017-12-23', '3', 0x30),
(242, 3, '2017-12-12', 1, 0x31, '2017-12-23', '3', 0x30),
(243, 3, '2017-12-12', 18, 0x31, '2017-12-23', '3', 0x30),
(244, 3, '2017-12-12', 18, 0x31, '2017-12-23', '3', 0x30),
(245, 3, '2017-12-12', 27, 0x31, '2017-12-23', '3', 0x30),
(246, 3, '2017-12-12', 42, 0x31, '2017-12-23', '3', 0x30),
(247, 3, '2017-12-12', 29, 0x31, '2017-12-23', '3', 0x30),
(248, 3, '2017-12-12', 28, 0x31, '2017-12-23', '3', 0x30),
(249, 3, '2017-12-12', 22, 0x31, '2017-12-23', '3', 0x30),
(250, 3, '2017-12-12', 35, 0x31, '2017-12-23', '3', 0x30),
(251, 3, '2017-12-12', 34, 0x31, '2017-12-23', '3', 0x30),
(252, 3, '2017-12-12', 37, 0x31, '2017-12-23', '3', 0x30),
(253, 3, '2017-12-12', 1, 0x31, '2017-12-23', '3', 0x30),
(254, 3, '2017-12-12', 26, 0x31, '2017-12-23', '3', 0x30),
(255, 3, '2017-12-12', 13, 0x31, '2017-12-23', '3', 0x30),
(256, 3, '2017-12-12', 27, 0x31, '2017-12-23', '3', 0x30),
(257, 3, '2017-12-12', 57, 0x31, '2017-12-23', '3', 0x30),
(258, 3, '2017-12-12', 17, 0x31, '2017-12-23', '3', 0x30),
(259, 3, '2017-12-12', 29, 0x31, '2017-12-23', '3', 0x30),
(260, 3, '2017-12-12', 25, 0x31, '2017-12-23', '3', 0x30),
(261, 3, '2017-12-12', 25, 0x31, '2017-12-23', '3', 0x30),
(262, 3, '2017-12-12', 1, 0x31, '2017-12-23', '3', 0x30),
(263, 3, '2017-12-12', 11, 0x31, '2017-12-23', '3', 0x30),
(264, 3, '2017-12-12', 3, 0x31, '2017-12-23', '3', 0x30),
(265, 3, '2017-12-12', 14, 0x31, '2017-12-23', '3', 0x30),
(266, 3, '2017-12-12', 8, 0x31, '2017-12-23', '3', 0x30),
(267, 3, '2017-12-12', 8, 0x31, '2017-12-23', '3', 0x30),
(268, 3, '2017-12-12', 41, 0x31, '2017-12-23', '3', 0x30),
(269, 3, '2017-12-12', 6, 0x31, '2017-12-23', '3', 0x30),
(270, 3, '2017-12-12', 16, 0x31, '2017-12-23', '3', 0x30),
(271, 3, '2017-12-12', 22, 0x31, '2017-12-23', '3', 0x30),
(272, 3, '2017-12-12', 31, 0x31, '2017-12-23', '3', 0x30),
(273, 3, '2017-12-12', 12, 0x31, '2017-12-23', '3', 0x30),
(274, 3, '2017-12-12', 2, 0x31, '2017-12-23', '3', 0x30),
(275, 3, '2017-12-12', 6, 0x31, '2017-12-23', '3', 0x30),
(276, 3, '2017-12-12', 12, 0x31, '2017-12-23', '3', 0x30),
(277, 3, '2017-12-12', 37, 0x31, '2017-12-23', '3', 0x30),
(278, 3, '2017-12-12', 30, 0x31, '2017-12-23', '3', 0x30),
(279, 3, '2017-12-12', 10, 0x31, '2017-12-23', '3', 0x30),
(280, 3, '2017-12-12', 15, 0x31, '2017-12-23', '3', 0x30),
(281, 3, '2017-12-12', 38, 0x31, '2017-12-23', '3', 0x30),
(282, 3, '2017-12-12', 23, 0x31, '2017-12-23', '3', 0x30),
(283, 3, '2017-12-12', 20, 0x31, '2017-12-23', '3', 0x30),
(284, 3, '2017-12-12', 46, 0x31, '2017-12-23', '3', 0x30),
(285, 3, '2017-12-12', 24, 0x31, '2017-12-23', '3', 0x30),
(286, 3, '2017-12-12', 21, 0x31, '2017-12-23', '3', 0x30);

-- --------------------------------------------------------

--
-- Tábla szerkezet ehhez a táblához `felhaszn`
--

CREATE TABLE `felhaszn` (
  `user_id` int(11) NOT NULL,
  `user_name` varchar(15) COLLATE utf8_hungarian_ci NOT NULL,
  `jelszo` varchar(60) COLLATE utf8_hungarian_ci NOT NULL,
  `hozzafer_ervenyes` binary(1) DEFAULT NULL
) ENGINE=InnoDB DEFAULT CHARSET=utf8 COLLATE=utf8_hungarian_ci;

--
-- A tábla adatainak kiíratása `felhaszn`
--

INSERT INTO `felhaszn` (`user_id`, `user_name`, `jelszo`, `hozzafer_ervenyes`) VALUES
(1, 'markovicsi01', '$2a$10$fyxO2HpXRKHuwJHwPTmMdOEVn1MPVu0fvS4t47CAuXbCNzeVBVtx6', 0x31),
(2, 'kissga01', '$2a$10$0QlM3BPUJIgbcHs5DFOV3uCxSnk4Hsij7fapcaWWGCaUlP49/Jxcm', 0x31),
(3, 'kovacsg01', '$2a$10$CpWArhwXqEQvypE6.8aBAOHOfOgwHhftbpSU8wb9.qYu/VP9nfGQq', 0x31),
(4, 'kovacsg02', '$2a$10$Jn2ioI5IZwmVjEw/D0I04.HxLIoTgcLV2qZ7pRIp0HRR2NNadl3L.', 0x31),
(5, 'feherg01', '$2a$10$uRZGvNmei2hrcQMGCe2pveK2LN6qGp2bUM85214JZLPWhfbUpgCIi', 0x31),
(6, 'ellenor01', '$2a$10$.S.S3TH.5tcESN0hbvjAkeDlPbNNIVo.8SEv85KxGz7YfM4NuPOHy', 0x31),
(7, 'kocsisi01', '$2a$10$MXSmZst1hZObssLmwxCjYutdo4HM3SkMLtxuDe9bAob6crONKzTH.', 0x30);

-- --------------------------------------------------------

--
-- Tábla szerkezet ehhez a táblához `felhasznadatok`
--

CREATE TABLE `felhasznadatok` (
  `user_id` int(11) NOT NULL,
  `taj_szam` varchar(11) COLLATE utf8_hungarian_ci NOT NULL,
  `vez_nev` varchar(20) COLLATE utf8_hungarian_ci NOT NULL,
  `ker_nev` varchar(30) COLLATE utf8_hungarian_ci DEFAULT NULL,
  `beosztas` varchar(30) COLLATE utf8_hungarian_ci DEFAULT NULL,
  `terulet` varchar(30) COLLATE utf8_hungarian_ci DEFAULT NULL,
  `jog_id` varchar(20) COLLATE utf8_hungarian_ci DEFAULT NULL
) ENGINE=InnoDB DEFAULT CHARSET=utf8 COLLATE=utf8_hungarian_ci;

--
-- A tábla adatainak kiíratása `felhasznadatok`
--

INSERT INTO `felhasznadatok` (`user_id`, `taj_szam`, `vez_nev`, `ker_nev`, `beosztas`, `terulet`, `jog_id`) VALUES
(1, '123-456-789', 'Markovics', 'Imre', 'raktáros/laboráns', '012 labor', 'labor-raktaros'),
(2, '234-567-890', 'Kiss', 'Géza', 'kutatásvezető', '012 labor', 'kutato'),
(3, '345-678-901', 'Kovács', 'Géza', 'raktáros', 'Központi raktár', 'raktaros'),
(4, '987-654-321', 'Kovács', 'Gábor', 'könyvelő', '101 iroda', 'konyvelo'),
(5, '876-543-210', 'Fehér', 'Gáspár', 'intézetvezető', '105 iroda', 'ellenorzo'),
(6, '', 'Hatosági', 'Személy', '', '', 'ellenorzo'),
(7, '123-987-654', 'Kocsis', 'Iván', 'kutató', '111 labor', 'kutato');

-- --------------------------------------------------------

--
-- Tábla szerkezet ehhez a táblához `jogosultsag`
--

CREATE TABLE `jogosultsag` (
  `jog_id` varchar(20) COLLATE utf8_hungarian_ci NOT NULL,
  `jog` int(11) DEFAULT NULL
) ENGINE=InnoDB DEFAULT CHARSET=utf8 COLLATE=utf8_hungarian_ci;

--
-- A tábla adatainak kiíratása `jogosultsag`
--

INSERT INTO `jogosultsag` (`jog_id`, `jog`) VALUES
('ellenorzo', 29524),
('konyvelo', 59048),
('kutato', 59048),
('labor-raktaros', 59048),
('laborans', 59048),
('raktaros', 59048);

-- --------------------------------------------------------

--
-- Tábla szerkezet ehhez a táblához `kapcsolat`
--

CREATE TABLE `kapcsolat` (
  `beszallito_id` varchar(15) COLLATE utf8_hungarian_ci NOT NULL,
  `kapcsolat_nev` varchar(30) COLLATE utf8_hungarian_ci DEFAULT NULL,
  `kapcsolat_beosztas` varchar(20) COLLATE utf8_hungarian_ci DEFAULT NULL,
  `kapcsolat_email` varchar(20) COLLATE utf8_hungarian_ci NOT NULL,
  `kapcsolat_tel` varchar(20) COLLATE utf8_hungarian_ci DEFAULT NULL
) ENGINE=InnoDB DEFAULT CHARSET=utf8 COLLATE=utf8_hungarian_ci;

--
-- A tábla adatainak kiíratása `kapcsolat`
--

INSERT INTO `kapcsolat` (`beszallito_id`, `kapcsolat_nev`, `kapcsolat_beosztas`, `kapcsolat_email`, `kapcsolat_tel`) VALUES
('novochem', 'Buzder-Lantos Erzsébet', 'üzletkötő-szervetlen', 'buzder@novochem.hu', '+36-30-265-4732'),
('novochem', 'Soós Eszter', 'bonyolító-szervetlen', 'soos@novochem.hu', '+36-1-464-4811'),
('novochem', 'Kucher Krisztina', 'üzletkötő-szervetlen', 'kucher@novochem.hu', '+36-1-464-4812'),
('novochem', 'Kocsis József', 'üzletkötő-metanol,ec', 'kocsis@novochem.hu', '+36-1-464-4839'),
('novochem', 'Miskolczi Erika', 'üzletkötő-oldószerek', 'miskolczi@novochem.h', '+36-1-464-4805'),
('novochem', 'Költőné Koncz Ilona', 'bonyolító-oldószerek', 'ilona@novochem.hu', '+36-1-464-4922'),
('renal', '', '', 'reanallabor@reanalla', '+36-1-414-6040'),
('chemoker', '', '', 'cemolkerkft@gmail.co', '+36-53-552-305');

-- --------------------------------------------------------

--
-- Tábla szerkezet ehhez a táblához `keresek`
--

CREATE TABLE `keresek` (
  `keres_datum` date NOT NULL,
  `termek_quant_id` int(11) NOT NULL,
  `user_id` int(11) NOT NULL,
  `keres_mennyiseg` int(11) DEFAULT NULL,
  `keres_teljesit` date DEFAULT NULL,
  `keres_modosit` int(11) DEFAULT NULL,
  `keres_erveny` binary(1) DEFAULT NULL
) ENGINE=InnoDB DEFAULT CHARSET=utf8 COLLATE=utf8_hungarian_ci;

--
-- A tábla adatainak kiíratása `keresek`
--

INSERT INTO `keresek` (`keres_datum`, `termek_quant_id`, `user_id`, `keres_mennyiseg`, `keres_teljesit`, `keres_modosit`, `keres_erveny`) VALUES
('2019-11-26', 284, 2, 24, '0000-00-00', 2, 0x30),
('2019-08-28', 234, 2, 20, '2019-08-30', 3, 0x30),
('2018-05-18', 45, 7, 27, '2018-05-19', 3, 0x30),
('2019-06-07', 160, 7, 27, '0000-00-00', 7, 0x30),
('2019-07-09', 207, 2, 9, '0000-00-00', 3, 0x30),
('2019-10-19', 158, 7, 22, '2019-10-20', 3, 0x30),
('2019-10-18', 23, 2, 8, '2019-10-19', 3, 0x30),
('2019-05-07', 27, 7, 17, '0000-00-00', 3, 0x30),
('2019-11-04', 186, 7, 12, '2019-11-05', 3, 0x30),
('2018-01-01', 249, 2, 4, '0000-00-00', 0, 0x31),
('2019-03-27', 45, 7, 1, '2019-03-28', 3, 0x30),
('2018-03-13', 57, 7, 10, '2018-03-14', 3, 0x30),
('2019-10-28', 157, 2, 5, '0000-00-00', 2, 0x30),
('2019-11-27', 181, 7, 23, '2019-11-28', 3, 0x30),
('2019-12-13', 272, 7, 20, '2019-12-14', 3, 0x30),
('2018-01-03', 243, 2, 12, '0000-00-00', 0, 0x31),
('2018-10-18', 281, 7, 7, '0000-00-00', 7, 0x30),
('2019-01-17', 26, 7, 13, '2019-01-18', 3, 0x30),
('2018-03-08', 27, 7, 13, '0000-00-00', 0, 0x31),
('2018-12-22', 251, 2, 2, '2018-12-23', 3, 0x30),
('2019-09-21', 63, 2, 3, '0000-00-00', 3, 0x30),
('2019-04-11', 54, 2, 18, '0000-00-00', 2, 0x30),
('2018-03-07', 252, 2, 16, '2018-03-08', 3, 0x30),
('2019-09-23', 125, 7, 1, '2019-09-24', 3, 0x30),
('2019-04-10', 193, 2, 16, '0000-00-00', 3, 0x30),
('2018-01-25', 246, 7, 16, '2018-01-26', 3, 0x30),
('2019-05-27', 74, 2, 2, '2019-05-28', 3, 0x30),
('2018-02-05', 2, 7, 8, '2018-02-06', 3, 0x30),
('2019-02-27', 230, 2, 14, '2019-02-28', 3, 0x30),
('2019-01-28', 84, 2, 23, '2019-01-28', 3, 0x30),
('2019-09-13', 14, 2, 13, '2019-09-14', 3, 0x30),
('2019-02-25', 36, 2, 26, '2019-02-26', 3, 0x30),
('2019-05-22', 73, 2, 4, '2019-05-23', 3, 0x30),
('2019-12-16', 112, 7, 6, '0000-00-00', 3, 0x30),
('2018-04-20', 277, 2, 15, '2018-04-21', 3, 0x30),
('2018-10-19', 208, 2, 25, '2018-10-20', 3, 0x30),
('2019-08-28', 28, 7, 4, '2019-08-28', 3, 0x30),
('2018-08-08', 63, 2, 20, '0000-00-00', 2, 0x30),
('2019-05-19', 69, 7, 24, '2019-05-20', 3, 0x30),
('2018-10-09', 51, 2, 15, '0000-00-00', 3, 0x30),
('2019-10-17', 151, 7, 7, '0000-00-00', 7, 0x30),
('2019-08-13', 215, 7, 24, '0000-00-00', 3, 0x30),
('2018-04-07', 169, 2, 8, '2018-04-08', 3, 0x30),
('2019-04-25', 124, 7, 22, '2019-04-26', 3, 0x30),
('2019-02-23', 43, 2, 9, '2019-02-24', 3, 0x30),
('2019-09-01', 2, 7, 25, '0000-00-00', 3, 0x30),
('2019-10-02', 272, 7, 11, '2019-10-03', 3, 0x30),
('2019-07-28', 85, 7, 19, '2019-07-28', 3, 0x30),
('2019-01-28', 231, 7, 16, '2019-01-28', 3, 0x30),
('2019-07-02', 8, 2, 16, '2019-07-03', 3, 0x30),
('2018-06-27', 62, 2, 16, '2018-06-28', 3, 0x30),
('2018-08-20', 71, 2, 24, '0000-00-00', 3, 0x30),
('2018-05-28', 94, 2, 12, '2018-05-28', 3, 0x30),
('2018-03-26', 256, 2, 24, '2018-03-27', 3, 0x30),
('2019-11-15', 2, 7, 15, '2019-11-16', 3, 0x30),
('2018-02-10', 10, 2, 13, '2018-02-11', 3, 0x30),
('2019-09-10', 83, 7, 12, '2019-09-11', 3, 0x30),
('2018-08-19', 210, 2, 3, '2018-08-20', 3, 0x30),
('2018-09-12', 205, 7, 28, '2018-09-13', 3, 0x30),
('2019-04-22', 245, 7, 8, '2019-04-23', 3, 0x30),
('2018-08-11', 278, 2, 1, '2018-08-12', 3, 0x30),
('2019-07-21', 143, 7, 29, '2019-07-22', 3, 0x30),
('2018-11-08', 168, 7, 17, '2018-11-09', 3, 0x30),
('2018-12-04', 268, 7, 21, '2018-12-05', 3, 0x30),
('2018-07-28', 218, 7, 28, '0000-00-00', 0, 0x31),
('2018-10-03', 282, 2, 7, '0000-00-00', 2, 0x30),
('2019-05-08', 11, 2, 14, '2019-05-09', 3, 0x30),
('2019-12-02', 250, 2, 20, '2019-12-03', 3, 0x30),
('2018-03-22', 152, 7, 29, '0000-00-00', 3, 0x30),
('2019-04-17', 146, 7, 10, '2019-04-18', 3, 0x30),
('2018-04-07', 30, 7, 14, '2018-04-08', 3, 0x30),
('2018-11-03', 48, 7, 12, '0000-00-00', 3, 0x30),
('2018-04-22', 90, 2, 14, '2018-04-23', 3, 0x30),
('2019-09-28', 40, 2, 18, '2019-09-28', 3, 0x30),
('2018-07-03', 257, 2, 29, '2018-07-04', 3, 0x30),
('2018-01-01', 126, 2, 20, '2018-01-02', 3, 0x30),
('2019-11-02', 251, 2, 18, '0000-00-00', 3, 0x30),
('2019-08-12', 166, 7, 8, '2019-08-13', 3, 0x30),
('2018-07-18', 149, 2, 2, '2018-07-19', 3, 0x30),
('2018-10-15', 95, 2, 24, '2018-10-16', 3, 0x30),
('2019-10-11', 211, 7, 9, '0000-00-00', 0, 0x31),
('2018-07-10', 29, 2, 28, '2018-07-11', 3, 0x30),
('2019-05-06', 71, 2, 16, '2019-05-07', 3, 0x30),
('2018-04-24', 128, 7, 17, '0000-00-00', 3, 0x30),
('2019-12-25', 20, 7, 24, '2019-12-26', 3, 0x30),
('2019-06-18', 258, 7, 16, '2019-06-19', 3, 0x30),
('2018-07-03', 190, 2, 5, '2018-07-04', 3, 0x30),
('2019-09-05', 201, 7, 22, '2019-09-06', 3, 0x30),
('2018-04-28', 131, 7, 28, '2018-04-30', 3, 0x30),
('2019-02-05', 161, 7, 17, '2019-02-06', 3, 0x30),
('2018-12-08', 61, 2, 29, '2018-12-09', 3, 0x30),
('2019-06-03', 176, 2, 29, '2019-06-04', 3, 0x30),
('2018-09-22', 230, 7, 29, '2018-09-23', 3, 0x30),
('2018-08-08', 223, 2, 20, '2018-08-09', 3, 0x30),
('2018-12-13', 69, 2, 18, '2018-12-14', 3, 0x30),
('2019-11-12', 160, 2, 11, '0000-00-00', 2, 0x30),
('2018-12-03', 257, 2, 22, '2018-12-04', 3, 0x30),
('2018-08-02', 115, 7, 7, '2018-08-03', 3, 0x30),
('2018-04-17', 285, 7, 2, '2018-04-18', 3, 0x30),
('2018-05-26', 182, 7, 14, '0000-00-00', 3, 0x30);

-- --------------------------------------------------------

--
-- Tábla szerkezet ehhez a táblához `raktmennyiseg`
--

CREATE TABLE `raktmennyiseg` (
  `termek_quant_id` int(11) NOT NULL,
  `termek_min_id` int(10) UNSIGNED NOT NULL,
  `termek_kod` varchar(40) COLLATE utf8_hungarian_ci NOT NULL,
  `termek_kiszerel` int(10) UNSIGNED NOT NULL,
  `termek_mennyiseg` int(10) UNSIGNED NOT NULL,
  `termek_hely` varchar(15) COLLATE utf8_hungarian_ci NOT NULL,
  `termek_medatum` date DEFAULT NULL,
  `termek_memodosit` int(11) DEFAULT NULL,
  `termek_meerveny` binary(1) DEFAULT NULL
) ENGINE=InnoDB DEFAULT CHARSET=utf8 COLLATE=utf8_hungarian_ci;

--
-- A tábla adatainak kiíratása `raktmennyiseg`
--

INSERT INTO `raktmennyiseg` (`termek_quant_id`, `termek_min_id`, `termek_kod`, `termek_kiszerel`, `termek_mennyiseg`, `termek_hely`, `termek_medatum`, `termek_memodosit`, `termek_meerveny`) VALUES
(1, 1, '686-84D8', 100, 26, 'II/E/9.8', '2017-12-01', 3, 0x30),
(2, 1, '930-02U1', 250, 8, 'II/B/11.9', '2017-12-01', 3, 0x31),
(3, 2, '544-28B2', 100, 6, 'IV/A/12.4', '2017-12-01', 3, 0x31),
(4, 3, '888-54N5', 100, 28, 'IV/C/2.6', '2017-12-01', 3, 0x31),
(5, 4, '377-90X2', 100, 13, 'IV/C/11.7', '2017-12-01', 3, 0x31),
(6, 5, '400-83z4', 100, 12, 'II/D/5.9', '2017-12-01', 3, 0x31),
(7, 5, '652-13T0', 250, 26, 'I/C/1.3', '2017-12-01', 3, 0x31),
(8, 5, '849-67U9', 500, 23, 'II/H/2.3', '2017-12-01', 3, 0x31),
(9, 6, '794-45H1', 100, 19, 'IV/H/2.6', '2017-12-01', 3, 0x30),
(10, 7, '938-05T1', 100, 30, 'II/G/7.6', '2017-12-01', 3, 0x30),
(11, 7, '928-18C4', 250, 9, 'IV/H/10.5', '2017-12-01', 3, 0x31),
(12, 8, '262-52W3', 100, 24, 'I/J/2.8', '2017-12-01', 3, 0x31),
(13, 8, '175-89z3', 250, 5, 'II/K/7.3', '2017-12-01', 3, 0x31),
(14, 9, '216-16N3', 100, 29, 'II/C/2.3', '2017-12-01', 3, 0x31),
(15, 9, '521-09C6', 250, 7, 'II/D/10.9', '2017-12-01', 3, 0x31),
(16, 10, '286-62V3', 100, 3, 'III/F/9.5', '2017-12-01', 3, 0x31),
(17, 10, '124-27Q2', 250, 26, 'IV/C/12.6', '2017-12-01', 3, 0x31),
(18, 11, '278-82E8', 100, 4, 'I/H/7.9', '2017-12-01', 3, 0x31),
(19, 11, '346-62N8', 250, 15, 'IV/A/1.1', '2017-12-01', 3, 0x31),
(20, 11, '182-57C0', 500, 0, 'I/D/10.7', '2017-12-01', 3, 0x31),
(21, 12, '392-77X1', 100, 29, 'II/D/8.7', '2017-12-01', 3, 0x31),
(22, 13, '337-77C0', 100, 2, 'IV/F/1.5', '2017-12-01', 3, 0x31),
(23, 14, '208-98F5', 100, 15, 'IV/D/4.2', '2017-12-01', 3, 0x31),
(24, 14, '239-90A7', 250, 22, 'IV/G/1.9', '2017-12-01', 3, 0x31),
(25, 15, '217-62D7', 100, 21, 'II/F/9.9', '2017-12-01', 3, 0x30),
(26, 16, '853-46B8', 100, 21, 'IV/F/12.5', '2017-12-01', 3, 0x31),
(27, 16, '754-81L9', 250, 10, 'II/A/8.1', '2017-12-01', 3, 0x31),
(28, 16, '350-42G1', 500, 30, 'IV/C/4.6', '2017-12-01', 3, 0x31),
(29, 17, '452-27U0', 100, 31, 'I/J/8.6', '2017-12-01', 3, 0x31),
(30, 18, '455-73Q7', 100, 9, 'III/E/3.8', '2017-12-01', 3, 0x31),
(31, 18, '193-12W1', 250, 16, 'IV/A/10.10', '2017-12-01', 3, 0x31),
(32, 18, '933-28S8', 500, 5, 'II/D/8.6', '2017-12-01', 3, 0x31),
(33, 19, '519-99A4', 100, 31, 'I/J/8.4', '2017-12-01', 3, 0x31),
(34, 19, '247-57T1', 250, 21, 'II/J/5.6', '2017-12-01', 3, 0x31),
(35, 20, '166-66D2', 100, 17, 'II/I/2.8', '2017-12-01', 3, 0x30),
(36, 20, '892-55L0', 250, 21, 'III/I/10.9', '2017-12-01', 3, 0x31),
(37, 20, '091-25J4', 500, 5, 'II/D/6.3', '2017-12-01', 3, 0x31),
(38, 21, '460-84A8', 100, 8, 'III/C/5.9', '2017-12-01', 3, 0x31),
(39, 22, '148-87W0', 100, 9, 'II/B/3.8', '2017-12-01', 3, 0x31),
(40, 22, '755-73O1', 250, 18, 'IV/H/11.4', '2017-12-01', 3, 0x30),
(41, 23, '729-87H9', 100, 0, 'IV/F/8.5', '2017-12-01', 3, 0x31),
(42, 23, '112-96S7', 250, 2, 'III/B/5.1', '2017-12-01', 3, 0x31),
(43, 23, '991-79L9', 500, 28, 'II/A/6.3', '2017-12-01', 3, 0x31),
(44, 24, '377-01X3', 100, 31, 'II/H/9.3', '2017-12-01', 3, 0x31),
(45, 24, '180-05T4', 250, 10, 'I/I/1.7', '2017-12-01', 3, 0x31),
(46, 25, '280-87E2', 100, 12, 'II/K/1.3', '2017-12-01', 3, 0x31),
(47, 25, '995-41R7', 250, 24, 'I/C/12.9', '2017-12-01', 3, 0x31),
(48, 26, '129-64z4', 100, 3, 'I/D/11.10', '2017-12-01', 3, 0x31),
(49, 27, '751-03O5', 100, 13, 'III/D/12.10', '2017-12-01', 3, 0x31),
(50, 27, '726-19G1', 250, 4, 'I/E/4.7', '2017-12-01', 3, 0x31),
(51, 28, '781-61Q3', 100, 0, 'III/A/12.6', '2017-12-01', 3, 0x30),
(52, 28, '466-66M5', 250, 22, 'IV/E/3.10', '2017-12-01', 3, 0x31),
(53, 28, '826-08J0', 500, 25, 'IV/G/5.7', '2017-12-01', 3, 0x30),
(54, 29, '077-61J3', 100, 22, 'II/F/10.7', '2017-12-01', 3, 0x31),
(55, 30, '094-97M7', 100, 2, 'II/E/3.7', '2017-12-01', 3, 0x31),
(56, 30, '161-39W1', 250, 17, 'IV/B/10.1', '2017-12-01', 3, 0x31),
(57, 30, '318-12F1', 500, 10, 'III/J/2.4', '2017-12-01', 3, 0x30),
(58, 31, '593-24N8', 100, 5, 'I/D/3.10', '2017-12-01', 3, 0x31),
(59, 31, '910-76X1', 250, 2, 'III/C/4.2', '2017-12-01', 3, 0x31),
(60, 32, '248-99Y5', 100, 19, 'III/H/11.4', '2017-12-01', 3, 0x31),
(61, 32, '621-59J4', 250, 6, 'I/G/2.5', '2017-12-01', 3, 0x31),
(62, 33, '297-01K0', 100, 18, 'III/C/4.3', '2017-12-01', 3, 0x30),
(63, 33, '235-48I3', 250, 15, 'IV/E/8.4', '2017-12-01', 3, 0x31),
(64, 33, '520-86M4', 500, 4, 'II/G/11.7', '2017-12-01', 3, 0x31),
(65, 34, '415-82R3', 100, 6, 'IV/H/3.3', '2017-12-01', 3, 0x31),
(66, 34, '124-51R3', 250, 27, 'IV/G/11.6', '2017-12-01', 3, 0x30),
(67, 34, '889-77T1', 500, 13, 'IV/E/5.6', '2017-12-01', 3, 0x31),
(68, 35, '333-46L3', 100, 8, 'IV/J/1.8', '2017-12-01', 3, 0x30),
(69, 35, '306-56J3', 250, 27, 'III/C/1.10', '2017-12-01', 3, 0x31),
(70, 35, '173-80z6', 500, 0, 'IV/F/6.2', '2017-12-01', 3, 0x31),
(71, 36, '459-16z8', 100, 25, 'II/C/11.8', '2017-12-01', 3, 0x31),
(72, 37, '881-34F3', 100, 19, 'IV/K/10.1', '2017-12-01', 3, 0x31),
(73, 38, '351-43H9', 100, 8, 'III/A/5.10', '2017-12-01', 3, 0x31),
(74, 38, '341-02V6', 250, 6, 'I/D/2.7', '2017-12-01', 3, 0x31),
(75, 38, '786-93P9', 500, 27, 'II/I/1.5', '2017-12-01', 3, 0x31),
(76, 39, '152-09N5', 100, 0, 'I/H/12.6', '2017-12-01', 3, 0x31),
(77, 39, '371-29T3', 250, 16, 'I/G/8.8', '2017-12-01', 3, 0x31),
(78, 39, '078-60Q9', 500, 28, 'III/H/11.3', '2017-12-01', 3, 0x31),
(79, 40, '476-90V3', 100, 17, 'I/C/7.2', '2017-12-01', 3, 0x31),
(80, 41, '319-63E5', 100, 25, 'I/G/8.4', '2017-12-01', 3, 0x31),
(81, 42, '812-97P8', 100, 25, 'II/G/7.10', '2017-12-01', 3, 0x31),
(82, 42, '466-19Y8', 250, 16, 'II/H/4.10', '2017-12-01', 3, 0x31),
(83, 43, '661-37F9', 100, 20, 'IV/K/7.4', '2017-12-01', 3, 0x31),
(84, 43, '257-31K7', 250, 2, 'I/F/6.7', '2017-12-01', 3, 0x31),
(85, 44, '854-00S9', 100, 5, 'I/C/4.9', '2017-12-01', 3, 0x31),
(86, 44, '477-66Q8', 250, 18, 'IV/G/5.2', '2017-12-01', 3, 0x31),
(87, 44, '255-16R3', 500, 13, 'I/B/7.10', '2017-12-01', 3, 0x31),
(88, 45, '104-50H6', 100, 9, 'II/E/10.9', '2017-12-01', 3, 0x31),
(89, 45, '529-80W5', 250, 12, 'II/G/12.6', '2017-12-01', 3, 0x31),
(90, 46, '236-17E9', 100, 22, 'II/F/2.4', '2017-12-01', 3, 0x30),
(91, 46, '802-13V6', 250, 28, 'I/C/4.6', '2017-12-01', 3, 0x31),
(92, 47, '274-49K8', 100, 11, 'IV/G/4.1', '2017-12-01', 3, 0x31),
(93, 47, '087-47R0', 250, 21, 'II/A/6.7', '2017-12-01', 3, 0x31),
(94, 47, '950-13O6', 500, 9, 'III/K/1.1', '2017-12-01', 3, 0x31),
(95, 48, '940-68H1', 100, 17, 'I/F/10.6', '2017-12-01', 3, 0x30),
(96, 48, '028-69V1', 250, 12, 'II/D/11.3', '2017-12-01', 3, 0x31),
(97, 48, '433-86K5', 500, 21, 'I/C/5.5', '2017-12-01', 3, 0x31),
(98, 49, '544-53W6', 100, 17, 'I/J/3.1', '2017-12-01', 3, 0x31),
(99, 49, '056-21K1', 250, 26, 'IV/B/3.9', '2017-12-01', 3, 0x31),
(100, 50, '200-52H4', 100, 19, 'IV/J/9.6', '2017-12-01', 3, 0x31),
(101, 50, '092-56P1', 250, 16, 'I/E/12.2', '2017-12-01', 3, 0x30),
(102, 50, '556-22T9', 500, 29, 'II/F/1.3', '2017-12-01', 3, 0x30),
(103, 51, '746-74Q0', 100, 2, 'IV/G/8.6', '2017-12-01', 3, 0x31),
(104, 51, '240-60J2', 250, 23, 'IV/K/9.7', '2017-12-01', 3, 0x30),
(105, 51, '645-41H6', 500, 26, 'II/A/7.7', '2017-12-01', 3, 0x31),
(106, 52, '946-16R5', 100, 21, 'II/E/11.1', '2017-12-01', 3, 0x30),
(107, 52, '607-49D5', 250, 0, 'III/F/6.4', '2017-12-01', 3, 0x31),
(108, 53, '383-59O8', 100, 10, 'I/D/10.1', '2017-12-01', 3, 0x30),
(109, 53, '399-15E3', 250, 0, 'IV/H/8.6', '2017-12-01', 3, 0x31),
(110, 53, '943-91S3', 500, 25, 'IV/F/1.4', '2017-12-01', 3, 0x30),
(111, 54, '682-10Q3', 100, 28, 'I/K/11.7', '2017-12-01', 3, 0x31),
(112, 54, '794-63z2', 250, 5, 'I/J/5.7', '2017-12-01', 3, 0x31),
(113, 55, '691-97H7', 100, 15, 'III/G/4.5', '2017-12-01', 3, 0x31),
(114, 56, '563-74W6', 100, 10, 'III/C/8.2', '2017-12-01', 3, 0x31),
(115, 56, '987-92O6', 250, 7, 'III/K/11.3', '2017-12-01', 3, 0x31),
(116, 56, '882-69Q2', 500, 7, 'III/F/7.6', '2017-12-01', 3, 0x31),
(117, 57, '634-93O2', 100, 28, 'III/K/8.1', '2017-12-01', 3, 0x30),
(118, 57, '768-64N3', 250, 1, 'IV/A/11.4', '2017-12-01', 3, 0x30),
(119, 57, '982-42K0', 500, 24, 'III/H/12.10', '2017-12-01', 3, 0x31),
(120, 58, '087-55U7', 100, 2, 'I/J/9.9', '2017-12-01', 3, 0x31),
(121, 59, '536-36F7', 100, 6, 'I/B/9.8', '2017-12-01', 3, 0x31),
(122, 59, '698-31N7', 250, 25, 'II/C/5.4', '2017-12-01', 3, 0x31),
(123, 60, '131-01Q6', 100, 14, 'I/A/8.3', '2017-12-01', 3, 0x31),
(124, 60, '588-57U1', 250, 4, 'I/C/7.7', '2017-12-01', 3, 0x31),
(125, 61, '701-29F5', 100, 20, 'IV/K/2.6', '2017-12-01', 3, 0x31),
(126, 61, '017-77V4', 250, 7, 'IV/H/9.7', '2017-12-01', 3, 0x31),
(127, 62, '491-63V1', 100, 26, 'II/A/10.7', '2017-12-01', 3, 0x31),
(128, 63, '898-42Q1', 100, 29, 'II/F/9.8', '2017-12-01', 3, 0x30),
(129, 63, '284-46L9', 250, 3, 'III/H/4.8', '2017-12-01', 3, 0x31),
(130, 64, '186-91T8', 100, 11, 'IV/I/4.5', '2017-12-01', 3, 0x30),
(131, 64, '154-68P9', 250, 28, 'I/K/8.2', '2017-12-01', 3, 0x31),
(132, 64, '142-35Q4', 500, 20, 'IV/B/10.6', '2017-12-01', 3, 0x31),
(133, 65, '088-61G5', 100, 23, 'III/B/12.5', '2017-12-01', 3, 0x31),
(134, 66, '018-08A5', 100, 15, 'I/H/3.7', '2017-12-01', 3, 0x30),
(135, 66, '224-61I5', 250, 28, 'I/B/5.5', '2017-12-01', 3, 0x30),
(136, 66, '648-03D4', 500, 21, 'III/I/3.9', '2017-12-01', 3, 0x31),
(137, 67, '457-23O3', 100, 9, 'III/B/6.8', '2017-12-01', 3, 0x31),
(138, 67, '690-05N9', 250, 12, 'I/H/1.3', '2017-12-01', 3, 0x31),
(139, 68, '264-28M7', 100, 1, 'II/C/12.10', '2017-12-01', 3, 0x30),
(140, 69, '397-55A8', 100, 23, 'II/I/8.3', '2017-12-01', 3, 0x31),
(141, 69, '139-69F3', 250, 3, 'III/A/11.7', '2017-12-01', 3, 0x31),
(142, 70, '668-05P3', 100, 1, 'I/J/7.8', '2017-12-01', 3, 0x31),
(143, 71, '417-65S6', 100, 22, 'II/G/1.8', '2017-12-01', 3, 0x31),
(144, 71, '478-89G6', 250, 6, 'I/H/9.1', '2017-12-01', 3, 0x31),
(145, 72, '110-11C0', 100, 19, 'II/D/3.1', '2017-12-01', 3, 0x31),
(146, 72, '691-20V0', 250, 30, 'II/D/1.7', '2017-12-01', 3, 0x31),
(147, 73, '135-95X3', 100, 16, 'III/E/5.9', '2017-12-01', 3, 0x31),
(148, 73, '583-56W6', 250, 31, 'II/K/5.7', '2017-12-01', 3, 0x31),
(149, 74, '487-95R6', 100, 29, 'II/J/5.7', '2017-12-01', 3, 0x31),
(150, 74, '313-78E1', 250, 17, 'I/K/10.4', '2017-12-01', 3, 0x31),
(151, 75, '483-13J3', 100, 27, 'III/J/5.9', '2017-12-01', 3, 0x31),
(152, 75, '965-41z7', 250, 9, 'IV/K/3.5', '2017-12-01', 3, 0x31),
(153, 75, '003-89Q7', 500, 24, 'I/D/10.5', '2017-12-01', 3, 0x31),
(154, 76, '300-29P4', 100, 19, 'II/K/8.7', '2017-12-01', 3, 0x30),
(155, 76, '268-32N8', 250, 29, 'IV/A/5.7', '2017-12-01', 3, 0x31),
(156, 77, '816-98J5', 100, 25, 'II/F/10.2', '2017-12-01', 3, 0x31),
(157, 77, '332-81Q2', 250, 21, 'I/C/12.6', '2017-12-01', 3, 0x30),
(158, 78, '559-55L9', 100, 20, 'II/H/1.8', '2017-12-01', 3, 0x31),
(159, 78, '341-35D8', 250, 15, 'III/G/4.3', '2017-12-01', 3, 0x31),
(160, 79, '989-63X7', 100, 0, 'I/G/11.3', '2017-12-01', 3, 0x31),
(161, 80, '785-73K9', 100, 8, 'IV/J/6.5', '2017-12-01', 3, 0x31),
(162, 80, '190-63N1', 250, 30, 'IV/F/1.8', '2017-12-01', 3, 0x30),
(163, 80, '522-64I4', 500, 31, 'III/I/1.6', '2017-12-01', 3, 0x30),
(164, 81, '379-02X7', 100, 20, 'I/B/11.6', '2017-12-01', 3, 0x31),
(165, 81, '589-34A4', 250, 28, 'III/A/3.5', '2017-12-01', 3, 0x31),
(166, 82, '141-01M8', 100, 24, 'I/J/5.8', '2017-12-01', 3, 0x31),
(167, 82, '181-06W5', 250, 29, 'I/I/5.6', '2017-12-01', 3, 0x31),
(168, 82, '377-67Q1', 500, 30, 'III/C/12.2', '2017-12-01', 3, 0x31),
(169, 83, '876-00S2', 100, 10, 'I/E/12.6', '2017-12-01', 3, 0x31),
(170, 84, '096-74P0', 100, 2, 'I/F/2.8', '2017-12-01', 3, 0x31),
(171, 84, '856-29X8', 250, 22, 'I/F/10.4', '2017-12-01', 3, 0x30),
(172, 85, '073-72B5', 100, 28, 'III/G/3.7', '2017-12-01', 3, 0x31),
(173, 86, '870-92A3', 100, 25, 'II/C/12.7', '2017-12-01', 3, 0x31),
(174, 86, '894-84R3', 250, 0, 'II/I/10.10', '2017-12-01', 3, 0x31),
(175, 86, '198-00J7', 500, 27, 'IV/E/6.9', '2017-12-01', 3, 0x31),
(176, 87, '924-18O2', 100, 23, 'IV/B/10.8', '2017-12-01', 3, 0x30),
(177, 87, '895-93z5', 250, 28, 'II/J/4.2', '2017-12-01', 3, 0x31),
(178, 87, '989-50A3', 500, 27, 'II/I/11.7', '2017-12-01', 3, 0x30),
(179, 88, '430-72H4', 100, 25, 'IV/E/6.2', '2017-12-01', 3, 0x30),
(180, 88, '595-31z2', 250, 20, 'II/J/6.2', '2017-12-01', 3, 0x31),
(181, 89, '051-63I6', 100, 4, 'II/E/3.1', '2017-12-01', 3, 0x30),
(182, 89, '119-50W1', 250, 24, 'IV/J/5.8', '2017-12-01', 3, 0x31),
(183, 90, '705-55N8', 100, 11, 'IV/C/5.5', '2017-12-01', 3, 0x31),
(184, 90, '201-05L3', 250, 12, 'II/G/9.2', '2017-12-01', 3, 0x31),
(185, 90, '887-59D9', 500, 26, 'III/G/12.9', '2017-12-01', 3, 0x30),
(186, 91, '700-93N7', 100, 4, 'III/F/9.2', '2017-12-01', 3, 0x31),
(187, 92, '139-12Q9', 100, 27, 'II/C/3.3', '2017-12-01', 3, 0x31),
(188, 93, '64126-2-53-25', 100, 9, 'III/J/9.2', '2018-01-03', 3, 0x31),
(189, 94, '75662-6-85-13', 100, 28, 'III/I/9.1', '2018-01-03', 3, 0x31),
(190, 94, '45234-5-37-81', 250, 11, 'IV/G/9.3', '2018-01-03', 3, 0x31),
(191, 94, '14578-6-38-36', 500, 15, 'IV/H/9.5', '2018-01-03', 3, 0x30),
(192, 95, '64198-3-21-98', 100, 5, 'II/K/12.5', '2018-01-03', 3, 0x31),
(193, 96, '53231-8-13-08', 100, 1, 'II/A/2.7', '2018-01-03', 3, 0x31),
(194, 97, '03073-0-25-97', 100, 6, 'III/E/8.1', '2018-01-03', 3, 0x30),
(195, 97, '42058-4-69-68', 250, 16, 'I/H/11.8', '2018-01-03', 3, 0x31),
(196, 98, '29194-1-29-72', 100, 2, 'IV/I/8.2', '2018-01-03', 3, 0x30),
(197, 98, '65869-7-56-10', 250, 15, 'III/B/11.1', '2018-01-03', 3, 0x30),
(198, 98, '78169-8-90-76', 500, 4, 'I/F/1.9', '2018-01-03', 3, 0x31),
(199, 99, '11388-8-54-48', 100, 13, 'III/I/11.9', '2018-01-03', 3, 0x31),
(200, 100, '28450-7-58-82', 100, 19, 'II/B/2.2', '2018-01-03', 3, 0x31),
(201, 101, '97618-0-62-40', 100, 18, 'II/A/10.3', '2018-01-03', 3, 0x30),
(202, 102, '70771-4-70-95', 100, 29, 'I/D/9.3', '2018-01-03', 3, 0x31),
(203, 102, '59159-3-88-35', 250, 20, 'I/F/11.5', '2018-01-03', 3, 0x31),
(204, 103, '73154-7-39-08', 100, 15, 'III/B/3.4', '2018-01-03', 3, 0x31),
(205, 103, '95814-4-31-94', 250, 17, 'IV/H/6.2', '2018-01-03', 3, 0x31),
(206, 104, '65309-0-18-68', 100, 15, 'II/B/2.5', '2018-01-03', 3, 0x31),
(207, 104, '66352-9-29-06', 250, 31, 'I/G/3.6', '2018-01-03', 3, 0x31),
(208, 105, '14592-0-47-38', 100, 19, 'IV/I/9.4', '2018-01-03', 3, 0x31),
(209, 105, '40874-3-63-30', 250, 9, 'I/J/3.4', '2018-01-03', 3, 0x31),
(210, 106, '90683-4-69-89', 100, 5, 'III/B/4.9', '2018-01-03', 3, 0x31),
(211, 106, '11270-9-88-25', 250, 7, 'III/E/11.1', '2018-01-03', 3, 0x31),
(212, 106, '31776-3-15-28', 500, 20, 'II/F/9.3', '2018-01-03', 3, 0x31),
(213, 107, '47115-6-01-85', 100, 24, 'I/K/7.10', '2018-01-03', 3, 0x30),
(214, 107, '73951-9-80-64', 250, 7, 'II/F/4.6', '2018-01-03', 3, 0x31),
(215, 108, '29192-7-57-58', 100, 23, 'II/E/5.3', '2018-01-03', 3, 0x31),
(216, 108, '48331-2-49-15', 250, 5, 'II/H/9.6', '2018-01-03', 3, 0x31),
(217, 109, '66689-4-64-76', 100, 4, 'I/H/3.1', '2018-01-03', 3, 0x30),
(218, 109, '69410-3-04-18', 250, 22, 'III/B/1.9', '2018-01-03', 3, 0x31),
(219, 110, '87767-5-37-93', 100, 19, 'II/J/6.4', '2018-01-03', 3, 0x31),
(220, 110, '40719-4-26-17', 250, 2, 'IV/A/4.8', '2018-01-03', 3, 0x30),
(221, 111, '47532-8-41-30', 100, 0, 'II/B/5.4', '2018-01-03', 3, 0x31),
(222, 111, '46901-7-44-05', 250, 2, 'II/G/9.7', '2018-01-03', 3, 0x31),
(223, 111, '74367-7-21-30', 500, 19, 'II/D/4.10', '2018-01-03', 3, 0x31),
(224, 112, '46677-7-73-12', 100, 23, 'IV/K/7.7', '2018-01-03', 3, 0x31),
(225, 112, '36797-5-64-87', 250, 3, 'I/A/2.9', '2018-01-03', 3, 0x31),
(226, 112, '77109-8-96-62', 500, 21, 'III/F/5.4', '2018-01-03', 3, 0x31),
(227, 113, '88614-9-89-29', 100, 0, 'III/G/4.10', '2018-01-03', 3, 0x31),
(228, 113, '10145-5-56-12', 250, 14, 'IV/B/12.4', '2018-01-03', 3, 0x31),
(229, 113, '61122-4-38-30', 500, 22, 'IV/K/12.1', '2018-01-03', 3, 0x30),
(230, 114, '03320-4-33-90', 100, 3, 'III/J/11.4', '2018-01-03', 3, 0x31),
(231, 114, '60417-2-77-30', 250, 14, 'IV/G/9.2', '2018-01-03', 3, 0x31),
(232, 114, '42050-1-57-78', 500, 8, 'II/C/4.5', '2018-01-03', 3, 0x31),
(233, 115, '33968-9-86-59', 100, 31, 'IV/J/1.7', '2018-01-03', 3, 0x30),
(234, 115, '75547-3-89-35', 250, 0, 'III/C/6.3', '2018-01-03', 3, 0x31),
(235, 116, '65319-4-25-72', 100, 5, 'I/F/4.3', '2018-01-03', 3, 0x30),
(236, 117, '68848-5-09-20', 100, 28, 'II/I/2.5', '2018-01-03', 3, 0x30),
(237, 118, '25277-0-28-00', 100, 21, 'IV/J/4.9', '2018-01-03', 3, 0x31),
(238, 118, '97457-7-02-26', 250, 13, 'II/B/12.2', '2018-01-03', 3, 0x31),
(239, 118, '17075-5-97-55', 500, 26, 'II/E/12.5', '2018-01-03', 3, 0x31),
(240, 119, '68392-9-54-95', 100, 2, 'III/K/9.1', '2018-01-03', 3, 0x30),
(241, 120, '71201-3-87-02', 100, 30, 'III/J/4.3', '2018-01-03', 3, 0x31),
(242, 120, '25178-9-85-26', 250, 1, 'IV/B/7.9', '2018-01-03', 3, 0x31),
(243, 120, '54235-9-44-52', 500, 6, 'III/G/11.1', '2018-01-03', 3, 0x31),
(244, 121, '96191-1-82-78', 100, 18, 'II/K/8.5', '2018-01-03', 3, 0x31),
(245, 121, '20409-1-20-72', 250, 19, 'III/B/12.4', '2018-01-03', 3, 0x31),
(246, 121, '80196-8-33-30', 500, 26, 'I/J/2.6', '2018-01-03', 3, 0x31),
(247, 122, '33861-8-83-01', 100, 29, 'II/B/1.8', '2018-01-03', 3, 0x31),
(248, 122, '05955-6-36-06', 250, 28, 'II/B/3.7', '2018-01-03', 3, 0x31),
(249, 122, '00855-8-61-25', 500, 18, 'III/E/11.3', '2018-01-03', 3, 0x30),
(250, 123, 'RWP-6016-915', 100, 15, 'III/C/6.1', '2018-03-22', 3, 0x31),
(251, 124, 'zFX-8200-722', 100, 14, 'IV/C/6.4', '2018-03-22', 3, 0x31),
(252, 125, 'zWD-5321-162', 100, 21, 'I/B/5.2', '2018-03-22', 3, 0x31),
(253, 126, 'RRS-8705-293', 100, 1, 'I/E/10.7', '2018-03-22', 3, 0x31),
(254, 126, 'GMF-1669-766', 250, 26, 'II/H/1.9', '2018-03-22', 3, 0x31),
(255, 126, 'EIU-6312-853', 500, 13, 'IV/A/1.3', '2018-03-22', 3, 0x31),
(256, 127, 'OYX-9520-791', 100, 3, 'I/B/7.9', '2018-03-22', 3, 0x31),
(257, 128, 'XBB-9202-462', 100, 6, 'I/H/9.5', '2018-03-22', 3, 0x31),
(258, 128, 'JDD-9360-794', 250, 1, 'I/G/5.9', '2018-03-22', 3, 0x31),
(259, 128, 'JIC-1313-865', 500, 29, 'I/J/9.3', '2018-03-22', 3, 0x31),
(260, 129, 'UUK-6642-030', 100, 25, 'I/B/10.3', '2018-03-22', 3, 0x31),
(261, 129, 'QRJ-5202-722', 250, 25, 'III/A/11.3', '2018-03-22', 3, 0x31),
(262, 129, 'PLU-5387-981', 500, 1, 'I/F/11.6', '2018-03-22', 3, 0x31),
(263, 130, 'OFB-8837-564', 100, 11, 'III/G/12.5', '2018-03-22', 3, 0x30),
(264, 130, 'QKR-0707-847', 250, 3, 'I/B/4.5', '2018-03-22', 3, 0x31),
(265, 131, 'BNS-1270-007', 100, 14, 'II/D/3.3', '2018-03-22', 3, 0x31),
(266, 132, 'XLV-6954-140', 100, 8, 'III/E/5.1', '2018-03-22', 3, 0x31),
(267, 133, 'MLS-6366-962', 100, 8, 'II/B/7.10', '2018-03-22', 3, 0x31),
(268, 133, 'WJz-9419-208', 250, 20, 'IV/E/8.5', '2018-03-22', 3, 0x31),
(269, 134, 'TTU-9657-172', 100, 6, 'I/H/4.6', '2018-03-22', 3, 0x31),
(270, 134, 'HMA-0613-446', 250, 16, 'I/J/7.1', '2018-03-22', 3, 0x30),
(271, 134, 'URK-7152-827', 500, 22, 'IV/I/1.4', '2018-03-22', 3, 0x31),
(272, 135, 'LDD-4416-434', 100, 0, 'I/H/5.2', '2018-03-22', 3, 0x31),
(273, 136, 'KzW-7272-179', 100, 12, 'II/H/6.3', '2018-03-22', 3, 0x30),
(274, 136, 'YJL-8435-738', 250, 2, 'I/I/7.4', '2018-03-22', 3, 0x31),
(275, 137, 'LPJ-7323-826', 100, 6, 'II/K/9.10', '2018-03-22', 3, 0x31),
(276, 137, 'DUz-6380-414', 250, 12, 'III/A/6.3', '2018-03-22', 3, 0x31),
(277, 138, 'VFW-8151-102', 100, 22, 'II/F/6.2', '2018-03-22', 3, 0x31),
(278, 138, 'LQT-3835-596', 250, 29, 'IV/H/10.8', '2018-03-22', 3, 0x31),
(279, 138, 'QLD-4189-185', 500, 10, 'III/D/2.7', '2018-03-22', 3, 0x30),
(280, 139, 'NQU-5295-629', 100, 15, 'III/D/6.2', '2018-03-22', 3, 0x31),
(281, 140, 'RBH-6056-553', 100, 31, 'IV/C/10.1', '2018-03-22', 3, 0x30),
(282, 141, 'EEA-8446-788', 100, 16, 'III/G/2.2', '2018-03-22', 3, 0x31),
(283, 141, 'zMP-6540-197', 250, 20, 'III/I/1.2', '2018-03-22', 3, 0x31),
(284, 142, 'TGA-4425-692', 100, 22, 'I/A/12.2', '2018-03-22', 3, 0x30),
(285, 142, 'UGI-4296-189', 250, 22, 'IV/B/1.8', '2018-03-22', 3, 0x31),
(286, 142, 'ATU-8165-290', 500, 21, 'II/D/1.9', '2018-03-22', 3, 0x31);

-- --------------------------------------------------------

--
-- Tábla szerkezet ehhez a táblához `raktminoseg`
--

CREATE TABLE `raktminoseg` (
  `termek_min_id` int(10) UNSIGNED NOT NULL,
  `termek_nev` varchar(30) COLLATE utf8_hungarian_ci NOT NULL,
  `beszallito_id` varchar(30) COLLATE utf8_hungarian_ci NOT NULL,
  `termek_leir` varchar(100) COLLATE utf8_hungarian_ci DEFAULT NULL,
  `termek_egyseg` varchar(15) COLLATE utf8_hungarian_ci NOT NULL,
  `termek_veszely` int(10) UNSIGNED NOT NULL,
  `termek_biztons` varchar(60) COLLATE utf8_hungarian_ci NOT NULL,
  `termek_midatum` date DEFAULT NULL,
  `termek_mimodosit` int(11) DEFAULT NULL,
  `termek_mierveny` binary(1) DEFAULT NULL
) ENGINE=InnoDB DEFAULT CHARSET=utf8 COLLATE=utf8_hungarian_ci;

--
-- A tábla adatainak kiíratása `raktminoseg`
--

INSERT INTO `raktminoseg` (`termek_min_id`, `termek_nev`, `beszallito_id`, `termek_leir`, `termek_egyseg`, `termek_veszely`, `termek_biztons`, `termek_midatum`, `termek_mimodosit`, `termek_mierveny`) VALUES
(1, '1-3-Dioxolán', 'novochem', 'Kémiai színtézek', 'mililiter', 2, '1-3 Dioxolan.pdf', '2019-01-27', 1, 0x31),
(2, '1-4 Dioxán', 'novochem', 'Kémiai szintézisek', 'mililiter', 4, '1-4 Dioxan stab.pdf', '2012-01-01', 3, 0x31),
(3, '1-Butanol', 'novochem', 'Általános vegyszer, színtzétishez', 'mililiter', 4, '1 butanol.pdf', '2012-01-01', 3, 0x31),
(4, '2-Butanol', 'novochem', 'Általános vegyszer, színtzétishez', 'mililiter', 4, '2 butanol.pdf', '2012-01-01', 3, 0x31),
(5, '2-Etil-Hexanol', 'novochem', 'Kémiai tisztítás', 'mililiter', 4, '2-Etil-hexanol.pdf', '2012-01-01', 3, 0x31),
(6, '2-Etil-Hexánsav', 'novochem', 'Kémiai szintézisek', 'mililiter', 1, '2-Etil-hexansav.pdf', '2012-01-01', 3, 0x31),
(7, '2-Etoxi-Etanol', 'novochem', 'Etilén-glikol-Monoetil-éter, reagens', 'mililiter', 10, '2-Etoxietanol.pdf', '2012-01-01', 4, 0x31),
(8, 'Metil-Butanol', 'novochem', '3-Metil-Butan-1-ol, oldószer', 'mililiter', 5, '3-Metil-butanol-1.pdf', '2012-01-01', 1, 0x31),
(9, 'Aceton', 'novochem', 'Oldószer', 'mililiter', 4, 'Aceton.pdf', '2012-01-01', 1, 0x31),
(10, 'Alumínium-hidroxid', 'novochem', 'Katalizátor, pigment, töltőanyag', 'gramm', 0, 'Aluminium-hidroxid.pdf', '2012-01-01', 4, 0x31),
(11, 'Alumínium-oxid', 'novochem', 'Kémiai intermedier', 'gramm', 0, 'Aluminium-oxid.pdf', '2012-01-01', 3, 0x31),
(12, 'Ammónium molibdenát', 'novochem', 'Kémiai színtézek', 'gramm', 0, 'Ammonium molibdenat.pdf', '2012-01-01', 3, 0x31),
(13, 'Ammónium-nitrát', 'novochem', 'Speciális növényi tápanyag', 'gramm', 2, 'Ammonium nitrat 34sz.pdf', '2012-01-01', 3, 0x31),
(14, 'Ammónium-hidroxid', 'novochem', 'Kémiai segédanyag', 'mililiter', 6, 'Ammonium-hidroxid.pdf', '2012-01-01', 3, 0x31),
(15, 'Ammónium-klorid', 'novochem', 'Kémiai segédanyag', 'mililiter', 2, 'Ammonium-klorid.pdf', '2012-01-01', 3, 0x31),
(16, 'Ammónium-molibdát', 'novochem', 'Ammónium-molibdát-tetrahidrát, Növényi tápanyag, katalizátor', 'gramm', 3, 'Ammonium-molibdat.pdf', '2012-01-01', 3, 0x31),
(17, 'Ammónium-perszulfát', 'novochem', 'Oxidálószer, polimerizáció iniciátor', 'gramm', 7, 'Ammonium-perszulfat.pdf', '2012-01-01', 3, 0x31),
(18, 'Aszkorbinsav', 'novochem', 'Anyagcsere intermedier', 'gramm', 0, 'Aszkorbinsav.pdf', '2012-01-01', 3, 0x31),
(19, 'Bárium-karbonát', 'novochem', 'Vegyipari szítézisek, kerámiaipar, üvegipar', 'gramm', 1, 'Barium-karbonat.pdf', '2012-01-01', 4, 0x31),
(20, 'Benzoesav', 'novochem', 'Ipari adalék, tartosítószer', 'gramm', 3, 'Benzoesav.pdf', '2012-01-01', 4, 0x31),
(21, 'Bórax dekahidrát', 'novochem', 'Nátrium-tetraborát-dekahidrát, ipari adalék', 'gramm', 0, 'Borax dekahidrat.pdf', '2012-01-01', 4, 0x31),
(22, 'Bórsav', 'novochem', 'Biocid, komplexképző, műtrágya, pH stabilizátor', 'gramm', 1, 'Borsav.pdf', '2012-01-01', 3, 0x31),
(23, 'Butil-hidroxi-toluol', 'novochem', 'Élelmiszer és gyógyszeripari reagens', 'gramm', 1, 'Butil-hidroxi-toluol.pdf', '2012-01-01', 3, 0x31),
(24, 'Cink-klorid', 'novochem', 'Vízmentes! Felületaktív anyag, fagyásgátló', 'gramm', 4, 'Cink-klorid.pdf', '2012-01-01', 3, 0x31),
(25, 'Cink-oxid', 'novochem', 'Gyógyszeradalék', 'gramm', 1, 'Cink-oxid.pdf', '2012-01-01', 3, 0x31),
(26, 'Cink-szulfát monohidrát', 'novochem', 'Szintézis intermedier', 'gramm', 4, 'Cink-szulfat monohidrat.pdf', '2012-01-01', 3, 0x31),
(27, 'Citromsav monohidrát', 'novochem', 'Élelmiszergyártás, tisztítószer', 'gramm', 1, 'Citromsav monohidrat.pdf', '2012-01-01', 3, 0x31),
(28, 'Diaceton-alkohol', 'novochem', 'Szerveskémiai intermedier, oldószer', 'mililiter', 2, 'Diaceton-alkohol.pdf', '2012-01-01', 3, 0x31),
(29, 'Diammónium-hidrogén-foszfát', 'novochem', 'Élelmiszeripari felhaználás', 'mililiter', 0, 'Diammonium-hidrogen-foszfat.pdf', '2012-01-01', 3, 0x31),
(30, 'Dietil-éter', 'novochem', 'Szervesipari oldószer', 'mililiter', 3, 'Dietil-eter.pdf', '2012-01-01', 3, 0x31),
(31, 'Diklór-metán', 'novochem', 'Szervesipari oldószer', 'mililiter', 4, 'Diklor-metan.pdf', '2012-01-01', 3, 0x31),
(32, 'Dimetil-etanolamin', 'novochem', '(N,N)2-Dimetilaminoetanol; vegyipari színtézisekhez', 'mililiter', 6, 'Dimetiletanolamin S.pdf', '2012-01-01', 3, 0x31),
(33, 'Ecetsav', 'novochem', 'Tisztítószer, szerves oldószer', 'mililiter', 2, 'Ecetsav.pdf', '2012-01-01', 3, 0x31),
(34, 'EDTA', 'novochem', 'EDTA-dinátrium, vegyi alapanyag', 'gramm', 4, 'EDTA.pdf', '2012-01-01', 3, 0x31),
(35, 'Etil-acetát', 'novochem', 'Ipari oldószer', 'mililiter', 3, 'Etil-acetat.pdf', '2012-01-01', 3, 0x31),
(36, 'Etil-diglikol', 'novochem', 'Oldószer', 'mililiter', 0, 'Etil-diglikol.pdf', '2012-01-01', 3, 0x31),
(37, 'Etilén-glikol', 'novochem', 'Kémiai alapanyag, víztisztítószer', 'mililiter', 2, 'Etilen-glikol.pdf', '2012-01-01', 3, 0x31),
(38, 'Fitohorm Standard tápoldat', 'novochem', 'Növényi kallusz-tápanyag', 'mililiter', 0, 'Fitohorm Standard.pdf', '2012-01-01', 3, 0x31),
(39, 'Formaldehid 37%', 'novochem', 'Kémiai oldószer, alapanyag', 'mililiter', 10, 'Formaldehid 37%.pdf', '2012-01-01', 3, 0x31),
(40, 'Foszforsav', 'novochem', 'Vegyi lapanyag', 'mililiter', 1, 'Foszforsav.pdf', '2012-01-01', 3, 0x31),
(41, 'Glicerin', 'novochem', 'Ipari és gyógyszer-alapanyag', 'mililiter', 0, 'Glicerin.pdf', '2012-01-01', 3, 0x31),
(42, 'Glicin', 'novochem', 'Éelmiszeradalék, aminosav', 'gramm', 0, 'Glicin.pdf', '2012-01-01', 4, 0x31),
(43, 'Hangyasav 40-75%', 'novochem', 'Oldószer, adalék', 'mililiter', 3, 'Hangyasav 40-75%.pdf', '2012-01-01', 1, 0x31),
(44, 'Hidrogén-peroxid 35-50%', 'novochem', 'Fertőtlenítő, oxidálószer', 'mililiter', 5, 'Hidrogen-peroxid 35-50%.pdf', '2012-01-01', 3, 0x31),
(45, 'Izobutanol', 'novochem', 'Oldószer', 'mililiter', 5, 'Izobutanol.pdf', '2012-01-01', 3, 0x31),
(46, 'Izobutil-acetát', 'novochem', 'Oldószer, tisztítószer', 'mililiter', 4, 'Izobutil-acetat.pdf', '2012-01-01', 3, 0x31),
(47, 'Izopropil-alkohol', 'novochem', 'Tisztító és fertőtlenítőszer', 'mililiter', 3, 'Izopropil-alkohol.pdf', '2012-01-01', 3, 0x31),
(48, 'JAR LEMON', 'novochem', 'Tisztítószer', 'mililiter', 2, 'JAR LEMON.pdf', '2012-01-01', 3, 0x31),
(49, 'Kalcium-acetát', 'novochem', 'Gyógysz alapanyag', 'mililiter', 0, 'Kalcium-acetat.pdf', '2012-01-01', 3, 0x31),
(50, 'Kalcium-klorid', 'novochem', 'pH szabályozó', 'gramm', 1, 'Kalcium-klorid.pdf', '2012-01-01', 3, 0x31),
(51, 'Kálium-klorid', 'novochem', 'Növényi tápelem, gyógszeralapanyag', 'gramm', 0, 'Kalium-klorid.pdf', '2012-01-01', 3, 0x31),
(52, 'Kálium-hidroxid', 'novochem', 'Reagens, elektrolit', 'mililiter', 3, 'Kalium-hidroxid.pdf', '2012-01-01', 3, 0x31),
(53, 'Kálium-jodid', 'novochem', 'Vegyipari gyártás', 'gramm', 3, 'Kalium-jodid.pdf', '2012-01-01', 3, 0x31),
(54, 'Kálium-nitrát', 'novochem', 'Növényi tápelem', 'gramm', 2, 'Kalium-nitrat.pdf', '2012-01-01', 3, 0x31),
(55, 'Karbamid 40%', 'novochem', 'Speciális gyanta gyrátásnál', 'mililiter', 0, 'Karbamid 40%.pdf', '2012-01-01', 3, 0x31),
(56, 'Kén', 'novochem', 'Vegyipari nyersanyag', 'gramm', 0, 'Ken.pdf', '2012-01-01', 3, 0x31),
(57, 'Kénsav tömény', 'novochem', 'Oldószer', 'mililiter', 2, 'Kensav tomeny.pdf', '2012-01-01', 3, 0x31),
(58, 'Kloroform', 'novochem', 'Oldószer', 'mililiter', 8, 'Kloroform.pdf', '2012-01-01', 3, 0x31),
(59, 'L-arabinóz', 'novochem', 'Mono-cukor', 'gramm', 0, 'L-arabinoz.pdf', '2012-01-01', 4, 0x31),
(60, 'Lauril alkohol', 'novochem', '1-Dodekanol Alkohol C-12', 'mililiter', 3, 'Lauril alkohol.pdf', '2012-01-01', 3, 0x31),
(61, 'L-Leucin', 'novochem', 'Élelmiszeripari adalék', 'gramm', 0, 'L-Leucin.pdf', '2012-01-01', 3, 0x31),
(62, 'Magnézium-klorid', 'novochem', 'Ipari alapanyag', 'gramm', 0, 'Magnezium-klorid.pdf', '2012-01-01', 4, 0x31),
(63, 'Magnézium-oxid', 'novochem', 'Műtrágya alapanyag, nővényi tápanyag', 'gramm', 0, 'Magnezium-oxid.pdf', '2012-01-01', 1, 0x31),
(64, 'Mangan-dioxid', 'novochem', 'Ipari pigment', 'mililiter', 3, 'Mangan-dioxid.pdf', '2012-01-01', 1, 0x31),
(65, 'Metanol', 'novochem', 'Oldószer', 'mililiter', 5, 'Metanol.pdf', '2012-01-01', 1, 0x31),
(66, 'Metilén-klorid', 'novochem', 'Oldószer', 'mililiter', 6, 'Metilen-klorid.pdf', '2012-01-01', 3, 0x31),
(67, 'Metil-etil-keton', 'novochem', 'Oldószer, növényvédőszer alapanyag', 'mililiter', 3, 'Metil-etil-keton.pdf', '2012-01-01', 3, 0x31),
(68, 'Monoammónium-dihidrogén-foszfá', 'novochem', 'Műtárgya alapanyag', 'gramm', 0, 'Monoammonium-dihidrogen-foszfat.pdf', '2012-01-01', 3, 0x31),
(69, 'Nátrium-klorid', 'novochem', 'Oldószer', 'gramm', 0, 'Natrium klorid.pdf', '2012-01-01', 3, 0x31),
(70, 'Nátrium nitrit 40%', 'novochem', 'Növényi tápanyag', 'mililiter', 3, 'Natrium nitrit 40%.pdf', '2012-01-01', 3, 0x31),
(71, 'Nátrium-benzoát', 'novochem', 'Élelmiszer és vagyipari alapanyag', 'gramm', 0, 'Natrium-benzoat.pdf', '2012-01-01', 3, 0x31),
(72, 'Nátrium-dihidrogén-foszfát', 'novochem', 'Élelmiszer és gyógyszer-alapanyag', 'gramm', 0, 'Natrium-dihidrogen-foszfat.pdf', '2012-01-01', 3, 0x31),
(73, 'Natrium-hidroxid 29-32%', 'novochem', 'Vegyipari alapanyag, pH-szabályozó', 'mililiter', 5, 'Natrium-hidroxid 29-32%.pdf', '2012-01-01', 3, 0x31),
(74, 'Nátrium-nitrit', 'novochem', 'Redukálószer, színezőanyag', 'gramm', 4, 'Natrium-nitrit.pdf', '2012-01-01', 3, 0x31),
(75, 'N-Butanol', 'novochem', 'Oldószer, ipari alapanyag', 'mililiter', 4, 'N-Butanol.pdf', '2012-01-01', 3, 0x31),
(76, 'Perklór-etilén', 'novochem', 'Zsírok oldószere, extrahálószere', 'mililiter', 15, 'Perklor-etilen.pdf', '2012-01-01', 3, 0x31),
(77, 'Piperidine', 'novochem', 'Vegyipari reagens', 'mililiter', 4, 'Piperidine.pdf', '2012-01-01', 3, 0x31),
(78, 'Polietilén-glikol 200', 'novochem', 'Vegyipari alapanyag, vízlágytó', 'mililiter', 0, 'Polietilen-glikol 200.pdf', '2012-01-01', 4, 0x31),
(79, 'Polietilén-glikol 300', 'novochem', 'Vegyipari alapanyag, vízlágytó', 'mililiter', 0, 'Polietilen-glikol 300.pdf', '2012-01-01', 4, 0x31),
(80, 'Polietilén-glikol 400', 'novochem', 'Vegyipari alapanyag, vízlágytó', 'mililiter', 0, 'Polietilen-glikol 400.pdf', '2012-01-01', 4, 0x31),
(81, 'Politetrahidrofurán', 'novochem', 'Vegyipari alapanyag', 'gramm', 1, 'PolyTHF 650S.pdf', '2012-01-01', 3, 0x31),
(82, 'Réz(II)-hidroxid', 'novochem', 'Gombaölőszer alapanyag', 'gramm', 4, 'Rez(II)-hidroxid.pdf', '2012-01-01', 3, 0x31),
(83, 'Réz(II)-klorid dihidrát', 'novochem', 'Vegyipari alapanyag', 'mililiter', 4, 'Rez(II)-klorid dihidrat.pdf', '2012-01-01', 1, 0x31),
(84, 'Salétromsav', 'novochem', 'Vegyipari alapanyag, pH-szabályozó', 'mililiter', 3, 'Saletromsav.pdf', '2012-01-01', 1, 0x31),
(85, 'Sósav', 'novochem', 'Vegyipari alapanyag, pH-szabályozó', 'mililiter', 3, 'Sosav.pdf', '2012-01-01', 1, 0x31),
(86, 'Tejsav', 'novochem', 'Vegyipari alapanyag', 'mililiter', 2, 'Tejsav Lactic acid.pdf', '2012-01-01', 1, 0x31),
(87, 'Toluol', 'novochem', 'Oldószer', 'mililiter', 6, 'Toluol.pdf', '2012-01-01', 1, 0x31),
(88, 'Triklór-etilén', 'novochem', 'Oldószer', 'mililiter', 6, 'Triklor-etilen.pdf', '2012-01-01', 3, 0x31),
(89, 'Trinátrium-foszfát', 'novochem', 'Ipari zsírtalanítószer', 'gramm', 3, 'Trinatrium-foszfat.pdf', '2012-01-01', 4, 0x31),
(90, 'Vas (II)-szulfát', 'novochem', 'Víztisztításhoz', 'gramm', 4, 'Vas (II)-szulfat.pdf', '2019-01-27', 1, 0x30),
(91, 'Vas (III)-klorid', 'novochem', 'Víztisztításhoz, analítikai reagens', 'mililiter', 5, 'Vas (III)-klorid.pdf', '2012-01-01', 4, 0x31),
(92, 'Zetanil', 'novochem', 'Gombaölő permetszer', 'gramm', 4, 'Zetanil.pdf', '2012-01-01', 4, 0x31),
(93, '2-Metil-tetrahidrofurán', 'reanal', 'Oldószer, vegyiprai alapanyag', 'mililiter', 4, 'Metil-tetrahidrofuran.PDF', '2012-01-03', 3, 0x31),
(94, 'Etanol-amin', 'reanal', '2-Amino-etanol', 'mililiter', 5, 'EtanolAmin.PDF', '2012-01-03', 3, 0x31),
(95, 'Butanol', 'reanal', 'Oldószer', 'mililiter', 6, '1-Butanol.PDF', '2012-01-03', 1, 0x31),
(96, 'Dietil-éter', 'reanal', 'Oldószer', 'mililiter', 2, 'DietilEter.PDF', '2012-01-03', 0, 0x31),
(97, 'Etilénglikol', 'reanal', 'Etán-1,2-diol, Oldószer', 'mililiter', 2, 'Etilenglikol02.PDF', '2012-01-03', 1, 0x31),
(98, 'Glicerin', 'reanal', 'Ipari és gyógyszer-alapanyag', 'mililiter', 0, 'Glicerin02.PDF', '2012-01-03', 1, 0x31),
(99, 'Metanol', 'reanal', 'Oldószer', 'mililiter', 5, 'Metanol02.PDF', '2012-01-03', 1, 0x31),
(100, '1,2-Propilén-oxid', 'reanal', 'Oxetán', 'mililiter', 9, 'Oxetan.PDF', '2012-01-03', 1, 0x31),
(101, 'Propán-2-ol', 'reanal', 'Oldószer', 'mililiter', 9, 'Propan-2-ol.PDF', '2012-01-03', 1, 0x31),
(102, 'Dikálium-hidrogén-foszfát', 'reanal', 'Dikálium-hidrogén-foszfát-3-hidrát', 'gramm', 0, 'DiKalium-hidrogen-foszfat.PDF', '2012-01-03', 1, 0x31),
(103, 'Kalcium-hidrogen-foszfát', 'reanal', 'Kalcium-hidrogen-foszfát 2-hidrát', 'gramm', 0, 'Kalcium-hidrogen-foszfat.PDF', '2012-01-03', 1, 0x31),
(104, 'Kalcium-klorid', 'reanal', 'Kalcium-klorid 2-hidrát', 'gramm', 1, 'Kalcium-klorid02.PDF', '2012-01-03', 1, 0x31),
(105, 'Kálium-dihidrogén-foszfát', 'reanal', 'pH szabályozó', 'gramm', 0, 'Kalium-dihidrogen-foszfat.PDF', '2012-01-03', 1, 0x31),
(106, 'Kálium-jodid', 'reanal', 'Vegyipari adalék', 'gramm', 1, 'Kalium-jodid02.PDF', '2012-01-03', 3, 0x31),
(107, 'Kálium-jodát', 'reanal', 'Vegyipari adalék', 'gramm', 5, 'Kalium-jodat.PDF', '2012-01-03', 3, 0x31),
(108, 'Kálium-klorid', 'reanal', 'Vegyipari adalék', 'gramm', 0, 'Kalium-klorid02.PDF', '2012-01-03', 3, 0x31),
(109, 'Kálium-nitrit', 'reanal', 'Vegyipari adalék', 'gramm', 3, 'Kalium-nitrit.PDF', '2012-01-03', 3, 0x31),
(110, 'Kálium-nitrát', 'reanal', 'Vegyipari adalék', 'mililiter', 1, 'Kalium-nitrat02.PDF', '2012-01-03', 3, 0x31),
(111, 'Kálium-perklorát', 'reanal', 'Vegyipari adalék', 'gramm', 2, 'Kalium-perklorat.PDF', '2012-01-03', 3, 0x31),
(112, 'Kálium-perszulfát', 'reanal', 'Vegyipari adalék', 'gramm', 7, 'Kalium-perszulfat.PDF', '2012-01-03', 3, 0x31),
(113, 'Kálium-permanganát', 'reanal', 'Oxidálószer, vegyipari adalék', 'gramm', 3, 'Kalium-permanganat.pdf', '2012-01-03', 3, 0x31),
(114, 'Kálium-pirofoszfát', 'reanal', 'Vegyipari adalék', 'gramm', 0, 'Kalium-pirofoszfat.PDF', '2012-01-03', 3, 0x31),
(115, 'Kálium-szulfát', 'reanal', 'Vegyipari adalék', 'gramm', 0, 'Kalium-szulfat.PDF', '2012-01-03', 3, 0x31),
(116, 'Lítium-klorid', 'reanal', 'Vízmentes, vegyipari adalék', 'gramm', 3, 'Litium-klorid.PDF', '2012-01-03', 4, 0x31),
(117, 'Magnézium-klorid', 'reanal', 'Magnézium-klorid 6-hidrát, vegyipari adalék', 'mililiter', 0, 'Magnezium-klorid02.PDF', '2012-01-03', 3, 0x31),
(118, 'Di-Nátrium-hidrogén-foszfát', 'reanal', 'Di-Nátrium-hidrogén-foszfát 12-hidrát, pH szabályozó', 'gramm', 0, 'DiNatrium-hidrogen-foszfat.PDF', '2012-01-03', 3, 0x31),
(119, 'Nátrium-dihidrogén-foszfát', 'reanal', 'Nátrium-dihidrogén-foszfát 1víz, vegyipari adalék', 'gramm', 0, 'Natrium-hidrogen-karbonat.PDF', '2012-01-03', 3, 0x31),
(120, 'Nátrium-hidrogén-karbonát', 'reanal', 'Vegyipari adalék', 'gramm', 0, 'Natrium-hidrogen-karbonat.PDF', '2012-01-03', 3, 0x31),
(121, 'Nátrium-nitrát', 'reanal', 'Vegyipari adalék', 'gramm', 2, 'Natrium-nitrat.PDF', '2012-01-03', 3, 0x31),
(122, 'Nátrium-peroxid', 'reanal', 'Vegyipari adalék', 'gramm', 3, 'Natrium-peroxid.PDF', '2012-01-03', 3, 0x31),
(123, 'Szulfursav', 'reanal', 'Vegyipari adalék', 'mililiter', 2, 'Szulfursav.PDF', '2012-01-03', 3, 0x31),
(124, 'Aceton', 'chemoker', 'Vegyipari oldószer', 'mililiter', 4, 'aceton02.pdf', '2012-02-03', 3, 0x31),
(125, 'Ammónim-nitrát', 'chemoker', 'Vegyipari adalék', 'gramm', 1, 'ammonium_nitrat.pdf', '2012-02-03', 3, 0x31),
(126, 'Ammónium-acetát', 'chemoker', 'Vegyipari adalék', 'gramm', 0, 'ammonium_acetat.pdf', '2012-02-03', 3, 0x31),
(127, 'Aszkorbinsav', 'chemoker', 'L(+)-Aszkorbinsav', 'gramm', 4, 'aszkorbinsav02.pdf', '2012-02-03', 3, 0x31),
(128, 'Ecetsav', 'chemoker', 'Ecetsav 98-100%, vegyipari oldószer', 'mililiter', 2, 'ecetsav02.pdf', '2012-02-03', 3, 0x31),
(129, 'Éter', 'chemoker', 'Dietil-éter vegyipari oldószer', 'mililiter', 5, 'eter.pdf', '2012-02-03', 1, 0x31),
(130, 'Etanol', 'chemoker', 'Etil-alkohol, 96%, vegyipari oldószer', 'mililiter', 1, 'etilalkohol.pdf', '2012-02-03', 3, 0x31),
(131, 'Dinátrium-foszfát', 'chemoker', 'Vegyipari pH szabályozó', 'gramm', 0, 'dinatrium_hidrogenfoszfat.pdf', '2012-02-03', 4, 0x31),
(132, 'Foszforsav', 'chemoker', 'Vegyipari oldószer', 'mililiter', 1, 'foszforsav02.pdf', '2012-02-03', 4, 0x31),
(133, 'Formaldehid', 'chemoker', 'Vegyipari oldószer', 'mililiter', 9, 'formaldehid.pdf', '2012-02-03', 3, 0x31),
(134, 'Kálium-dihidrogén-foszfát', 'chemoker', 'Vegyipari pH szabályozó', 'gramm', 0, 'kalium_dihidrogenfoszfat.pdf', '2012-02-03', 3, 0x31),
(135, 'Metanol', 'chemoker', 'Vegyipari oldószer', 'mililiter', 5, 'metilalkohol.pdf', '2012-02-03', 3, 0x31),
(136, 'Hidrogán-peroxid', 'chemoker', 'Fertőtlenítőszer 30-35%', 'mililiter', 4, 'hidrogen_peroxid.pdf', '2012-02-03', 3, 0x31),
(137, 'Nátrium-dihidrogén-foszfát', 'chemoker', 'Vegyipari pH szabályozó', 'gramm', 0, 'natrium_dihidrogenfoszfat.pdf', '2012-02-03', 3, 0x31),
(138, 'Nátrium-hidrogén-karbonát', 'chemoker', 'Vegyipari oldószer', 'gramm', 0, 'natrium_hidrogenkarbonat.pdf', '2012-02-03', 3, 0x31),
(139, 'Salétromsav', 'chemoker', '65% töménység, vegyipari sav', 'mililiter', 4, 'saletromsav02.pdf', '2012-02-03', 4, 0x31),
(140, 'Sósav', 'chemoker', 'HCl 30-33%, vegyipari sav', 'mililiter', 3, 'sosav02.pdf', '2012-02-03', 3, 0x31),
(141, 'Palmitinsav', 'chemoker', 'Hexadekánsav >98%', 'gramm', 0, 'palmitinsav.pdf', '2012-02-03', 3, 0x31),
(142, 'Tejsav', 'chemoker', 'Vegyipari adalék', 'mililiter', 3, 'tejsav.pdf', '2012-02-03', 1, 0x31),
(143, 'Toluol', 'chemoker', 'Vegyipari oldószer', 'mililiter', 6, 'toluol02.pdf', '2012-02-03', 1, 0x31);

--
-- Indexek a kiírt táblákhoz
--

--
-- A tábla indexei `baleset`
--
ALTER TABLE `baleset`
  ADD PRIMARY KEY (`baleset_id`),
  ADD KEY `user_id` (`user_id`);

--
-- A tábla indexei `baleseterintett`
--
ALTER TABLE `baleseterintett`
  ADD KEY `user_id` (`user_id`),
  ADD KEY `baleset_id` (`baleset_id`);

--
-- A tábla indexei `beszallito`
--
ALTER TABLE `beszallito`
  ADD PRIMARY KEY (`beszallito_id`);

--
-- A tábla indexei `beszerzes`
--
ALTER TABLE `beszerzes`
  ADD KEY `termek_quant_id` (`termek_quant_id`),
  ADD KEY `user_id` (`user_id`);

--
-- A tábla indexei `felhaszn`
--
ALTER TABLE `felhaszn`
  ADD PRIMARY KEY (`user_id`);

--
-- A tábla indexei `felhasznadatok`
--
ALTER TABLE `felhasznadatok`
  ADD PRIMARY KEY (`user_id`),
  ADD KEY `jog_id` (`jog_id`);

--
-- A tábla indexei `jogosultsag`
--
ALTER TABLE `jogosultsag`
  ADD PRIMARY KEY (`jog_id`);

--
-- A tábla indexei `keresek`
--
ALTER TABLE `keresek`
  ADD KEY `termek_quant_id` (`termek_quant_id`),
  ADD KEY `user_id` (`user_id`);

--
-- A tábla indexei `raktmennyiseg`
--
ALTER TABLE `raktmennyiseg`
  ADD PRIMARY KEY (`termek_quant_id`),
  ADD UNIQUE KEY `termek_kod` (`termek_kod`),
  ADD KEY `termek_min_id` (`termek_min_id`);

--
-- A tábla indexei `raktminoseg`
--
ALTER TABLE `raktminoseg`
  ADD PRIMARY KEY (`termek_min_id`),
  ADD KEY `beszallito_id` (`beszallito_id`);

--
-- A kiírt táblák AUTO_INCREMENT értéke
--

--
-- AUTO_INCREMENT a táblához `baleset`
--
ALTER TABLE `baleset`
  MODIFY `baleset_id` int(11) NOT NULL AUTO_INCREMENT, AUTO_INCREMENT=4;

--
-- AUTO_INCREMENT a táblához `felhaszn`
--
ALTER TABLE `felhaszn`
  MODIFY `user_id` int(11) NOT NULL AUTO_INCREMENT, AUTO_INCREMENT=8;

--
-- AUTO_INCREMENT a táblához `raktmennyiseg`
--
ALTER TABLE `raktmennyiseg`
  MODIFY `termek_quant_id` int(11) NOT NULL AUTO_INCREMENT, AUTO_INCREMENT=287;

--
-- AUTO_INCREMENT a táblához `raktminoseg`
--
ALTER TABLE `raktminoseg`
  MODIFY `termek_min_id` int(10) UNSIGNED NOT NULL AUTO_INCREMENT, AUTO_INCREMENT=144;

--
-- Megkötések a kiírt táblákhoz
--

--
-- Megkötések a táblához `baleset`
--
ALTER TABLE `baleset`
  ADD CONSTRAINT `baleset_ibfk_1` FOREIGN KEY (`user_id`) REFERENCES `felhaszn` (`user_id`);

--
-- Megkötések a táblához `baleseterintett`
--
ALTER TABLE `baleseterintett`
  ADD CONSTRAINT `baleseterintett_ibfk_1` FOREIGN KEY (`user_id`) REFERENCES `felhaszn` (`user_id`),
  ADD CONSTRAINT `baleseterintett_ibfk_2` FOREIGN KEY (`baleset_id`) REFERENCES `baleset` (`baleset_id`);

--
-- Megkötések a táblához `beszerzes`
--
ALTER TABLE `beszerzes`
  ADD CONSTRAINT `beszerzes_ibfk_1` FOREIGN KEY (`termek_quant_id`) REFERENCES `raktmennyiseg` (`termek_quant_id`),
  ADD CONSTRAINT `beszerzes_ibfk_2` FOREIGN KEY (`user_id`) REFERENCES `felhaszn` (`user_id`);

--
-- Megkötések a táblához `felhasznadatok`
--
ALTER TABLE `felhasznadatok`
  ADD CONSTRAINT `felhasznadatok_ibfk_1` FOREIGN KEY (`user_id`) REFERENCES `felhaszn` (`user_id`),
  ADD CONSTRAINT `felhasznadatok_ibfk_2` FOREIGN KEY (`jog_id`) REFERENCES `jogosultsag` (`jog_id`);

--
-- Megkötések a táblához `keresek`
--
ALTER TABLE `keresek`
  ADD CONSTRAINT `keresek_ibfk_1` FOREIGN KEY (`termek_quant_id`) REFERENCES `raktmennyiseg` (`termek_quant_id`),
  ADD CONSTRAINT `keresek_ibfk_2` FOREIGN KEY (`user_id`) REFERENCES `felhaszn` (`user_id`);

--
-- Megkötések a táblához `raktmennyiseg`
--
ALTER TABLE `raktmennyiseg`
  ADD CONSTRAINT `raktmennyiseg_ibfk_1` FOREIGN KEY (`termek_min_id`) REFERENCES `raktminoseg` (`termek_min_id`);

--
-- Megkötések a táblához `raktminoseg`
--
ALTER TABLE `raktminoseg`
  ADD CONSTRAINT `raktminoseg_ibfk_1` FOREIGN KEY (`beszallito_id`) REFERENCES `beszallito` (`beszallito_id`);
COMMIT;

/*!40101 SET CHARACTER_SET_CLIENT=@OLD_CHARACTER_SET_CLIENT */;
/*!40101 SET CHARACTER_SET_RESULTS=@OLD_CHARACTER_SET_RESULTS */;
/*!40101 SET COLLATION_CONNECTION=@OLD_COLLATION_CONNECTION */;
