-- phpMyAdmin SQL Dump
-- version 4.7.4
-- https://www.phpmyadmin.net/
--
-- Gép: 127.0.0.1
-- Létrehozás ideje: 2019. Már 03. 19:20
-- Kiszolgáló verziója: 10.1.29-MariaDB
-- PHP verzió: 7.2.0

SET SQL_MODE = "NO_AUTO_VALUE_ON_ZERO";
SET AUTOCOMMIT = 0;
START TRANSACTION;
SET time_zone = "+00:00";


/*!40101 SET @OLD_CHARACTER_SET_CLIENT=@@CHARACTER_SET_CLIENT */;
/*!40101 SET @OLD_CHARACTER_SET_RESULTS=@@CHARACTER_SET_RESULTS */;
/*!40101 SET @OLD_COLLATION_CONNECTION=@@COLLATION_CONNECTION */;
/*!40101 SET NAMES utf8mb4 */;

--
-- Adatbázis: `vegyszerraktar`
--
CREATE DATABASE IF NOT EXISTS `vegyszerraktar` DEFAULT CHARACTER SET utf8 COLLATE utf8_hungarian_ci;
USE `vegyszerraktar`;

-- --------------------------------------------------------

--
-- Tábla szerkezet ehhez a táblához `baleset`
--

CREATE TABLE `baleset` (
  `baleset_id` int(11) NOT NULL,
  `baleset_datum` date NOT NULL,
  `user_id` int(11) NOT NULL,
  `baleset_leiras` varchar(255) COLLATE utf8_hungarian_ci DEFAULT NULL,
  `baleset_jegyzokonyv` varchar(20) COLLATE utf8_hungarian_ci DEFAULT NULL
) ENGINE=InnoDB DEFAULT CHARSET=utf8 COLLATE=utf8_hungarian_ci;

--
-- A tábla adatainak kiíratása `baleset`
--

INSERT INTO `baleset` (`baleset_id`, `baleset_datum`, `user_id`, `baleset_leiras`, `baleset_jegyzokonyv`) VALUES
(1, '2018-10-22', 3, 'Rakodás-technikai hiba, egy álvány túl lett terhelve, enyhe személyi sérülés', '2321-32-as'),
(2, '2018-11-30', 2, 'Gondatlanság, eltörlt egy üveg sósav, enyhe személyi sérülés', '2311-23-gf'),
(3, '2019-01-13', 2, 'Eljárás-technikai elővigyázatlanság, mégező anyag a levegőben, szellőzés végett nincs személyi panasz', '2123-86-kn');

-- --------------------------------------------------------

--
-- Tábla szerkezet ehhez a táblához `baleseterintett`
--

CREATE TABLE `baleseterintett` (
  `baleset_id` int(11) NOT NULL,
  `user_id` int(11) NOT NULL
) ENGINE=InnoDB DEFAULT CHARSET=utf8 COLLATE=utf8_hungarian_ci;

--
-- A tábla adatainak kiíratása `baleseterintett`
--

INSERT INTO `baleseterintett` (`baleset_id`, `user_id`) VALUES
(1, 1),
(2, 2),
(2, 1),
(3, 1),
(3, 2);

-- --------------------------------------------------------

--
-- Tábla szerkezet ehhez a táblához `beszallito`
--

CREATE TABLE `beszallito` (
  `beszallito_id` varchar(15) COLLATE utf8_hungarian_ci NOT NULL,
  `beszallito_nev` varchar(30) COLLATE utf8_hungarian_ci NOT NULL,
  `beszallito_szekhely` varchar(40) COLLATE utf8_hungarian_ci DEFAULT NULL,
  `beszallito_ervenyes` binary(1) DEFAULT NULL
) ENGINE=InnoDB DEFAULT CHARSET=utf8 COLLATE=utf8_hungarian_ci;

--
-- A tábla adatainak kiíratása `beszallito`
--

INSERT INTO `beszallito` (`beszallito_id`, `beszallito_nev`, `beszallito_szekhely`, `beszallito_ervenyes`) VALUES
('chemoker', 'Cemolker Kft.', '2750 Nagykőrös, Baracsi u. 3.', 0x31),
('novochem', 'Novochem Kereskedelmi és Szolg', '1089 Budapest, Orczy út 6.', 0x31),
('reanal', 'Reanal Laborvegyszer Kft.', '1158 Budapest, Késmárk u. 9.', 0x31);

-- --------------------------------------------------------

--
-- Tábla szerkezet ehhez a táblához `beszerzes`
--

CREATE TABLE `beszerzes` (
  `beszerzes_id` int(11) NOT NULL,
  `termek_quant_id` int(11) NOT NULL,
  `user_id` int(11) NOT NULL,
  `beszerzes_datum` date NOT NULL,
  `beszerzes_mennyiseg` int(11) NOT NULL,
  `beszerzes_teljesites` date DEFAULT NULL,
  `beszerzes_modosit` int(11) DEFAULT NULL,
  `beszerzes_atvevo` int(11) DEFAULT NULL,
  `beszerzes_erveny` tinyint(4) DEFAULT NULL
) ENGINE=InnoDB DEFAULT CHARSET=utf8 COLLATE=utf8_hungarian_ci;

--
-- A tábla adatainak kiíratása `beszerzes`
--

INSERT INTO `beszerzes` (`beszerzes_id`, `termek_quant_id`, `user_id`, `beszerzes_datum`, `beszerzes_mennyiseg`, `beszerzes_teljesites`, `beszerzes_modosit`, `beszerzes_atvevo`, `beszerzes_erveny`) VALUES
(1, 113, 3, '2017-11-12', 16, '2017-12-29', 3, 0, 2),
(2, 51, 3, '2017-11-12', 21, '2017-12-04', 3, 0, 2),
(3, 54, 3, '2017-11-12', 12, '2017-12-20', 3, 0, 4),
(4, 88, 3, '2017-11-12', 28, '2017-12-28', 3, 0, 0),
(5, 37, 3, '2017-11-12', 10, '2017-12-18', 3, 0, 5),
(6, 74, 3, '2017-11-12', 5, '2017-12-15', 3, 0, 0),
(7, 11, 3, '2017-11-12', 18, '2017-12-21', 3, 0, 4),
(8, 78, 3, '2017-11-12', 18, '2017-12-15', 3, 0, 0),
(9, 128, 3, '2017-11-12', 7, '2017-12-10', 3, 0, 1),
(10, 6, 3, '2017-11-12', 8, '2017-12-22', 3, 0, 2),
(11, 117, 3, '2017-11-12', 2, '2017-12-18', 3, 0, 5),
(12, 123, 3, '2017-11-12', 29, '2017-12-01', 3, 0, 4),
(13, 64, 3, '2017-11-12', 7, '2017-12-03', 3, 0, 0),
(14, 63, 3, '2017-11-12', 25, '2017-12-24', 3, 0, 4),
(15, 9, 3, '2017-11-12', 25, '2017-12-13', 3, 0, 4),
(16, 8, 3, '2017-11-12', 11, '2017-12-30', 3, 0, 4),
(17, 132, 3, '2017-11-12', 19, '2017-12-23', 3, 0, 1),
(18, 94, 3, '2017-11-12', 17, '2017-12-01', 3, 0, 5),
(19, 87, 3, '2017-11-12', 2, '2017-12-02', 3, 0, 2),
(20, 82, 3, '2017-11-12', 15, '2017-12-08', 3, 0, 0),
(21, 84, 3, '2017-11-12', 3, '2017-12-09', 3, 0, 1),
(22, 74, 3, '2017-11-12', 10, '2017-12-18', 3, 0, 0),
(23, 65, 3, '2017-11-12', 20, '2017-12-09', 3, 0, 0),
(24, 125, 3, '2017-11-12', 28, '2017-12-15', 3, 0, 2),
(25, 10, 3, '2017-11-12', 25, '2017-12-03', 3, 0, 1),
(26, 32, 3, '2017-11-12', 19, '2017-12-29', 3, 0, 5),
(27, 32, 3, '2017-11-12', 4, '2017-12-17', 3, 0, 1),
(28, 111, 3, '2017-11-12', 10, '2017-12-02', 3, 0, 2),
(29, 89, 3, '2017-11-12', 10, '2017-12-06', 3, 0, 5),
(30, 14, 3, '2017-11-12', 20, '2017-12-08', 3, 0, 2),
(31, 7, 3, '2017-11-12', 21, '2017-12-28', 3, 0, 5),
(32, 41, 3, '2017-11-12', 25, '2017-12-04', 3, 0, 4),
(33, 80, 3, '2017-11-12', 19, '2017-12-12', 3, 0, 4),
(34, 60, 3, '2017-11-12', 1, '2017-12-27', 3, 0, 5),
(35, 19, 3, '2017-11-12', 12, '2017-12-03', 3, 0, 1),
(36, 112, 3, '2017-11-12', 6, '2017-12-09', 3, 0, 0),
(37, 91, 3, '2017-11-12', 21, '2017-12-17', 3, 0, 2),
(38, 114, 3, '2017-11-12', 16, '2017-12-11', 3, 0, 1),
(39, 83, 3, '2017-11-12', 15, '2017-12-06', 3, 0, 2),
(40, 101, 3, '2017-11-12', 29, '2017-12-18', 3, 0, 1),
(41, 3, 3, '2017-11-12', 27, '2017-12-26', 3, 0, 0),
(42, 134, 3, '2017-11-12', 10, '2017-12-05', 3, 0, 4),
(43, 63, 3, '2017-11-12', 7, '2017-12-26', 3, 0, 4),
(44, 86, 3, '2017-11-12', 26, '2017-12-25', 3, 0, 5),
(45, 58, 3, '2017-11-12', 24, '2017-12-10', 3, 0, 2),
(46, 41, 3, '2017-11-12', 17, '2017-12-26', 3, 0, 0),
(47, 40, 3, '2017-11-12', 1, '2017-12-05', 3, 0, 5),
(48, 119, 3, '2017-11-12', 11, '2017-12-08', 3, 0, 0),
(49, 117, 3, '2017-11-12', 21, '2017-12-12', 3, 0, 5),
(50, 53, 3, '2017-11-12', 5, '2017-12-06', 3, 0, 1),
(51, 1, 3, '2017-11-12', 59, '2017-12-24', 3, 3, 3),
(52, 2, 3, '2017-11-12', 16, '2017-12-17', 3, 3, 3),
(53, 3, 3, '2017-11-12', 13, '2017-12-29', 3, 3, 3),
(54, 4, 3, '2017-11-12', 20, '2017-12-15', 3, 3, 3),
(55, 5, 3, '2017-11-12', 46, '2017-12-11', 3, 3, 3),
(56, 6, 3, '2017-11-12', 33, '2017-12-22', 3, 3, 3),
(57, 7, 3, '2017-11-12', 7, '2017-12-04', 3, 3, 3),
(58, 8, 3, '2017-11-12', 4, '2017-12-17', 3, 3, 3),
(59, 9, 3, '2017-11-12', 3, '2017-12-12', 3, 3, 3),
(60, 10, 3, '2017-11-12', 2, '2017-12-12', 3, 3, 3),
(61, 11, 3, '2017-11-12', 31, '2017-12-20', 3, 3, 3),
(62, 12, 3, '2017-11-12', 22, '2017-12-20', 3, 3, 3),
(63, 13, 3, '2017-11-12', 22, '2017-12-19', 3, 3, 3),
(64, 14, 3, '2017-11-12', 12, '2017-12-29', 3, 3, 3),
(65, 15, 3, '2017-11-12', 21, '2017-12-28', 3, 3, 3),
(66, 16, 3, '2017-11-12', 8, '2017-12-02', 3, 3, 3),
(67, 17, 3, '2017-11-12', 15, '2017-12-08', 3, 3, 3),
(68, 18, 3, '2017-11-12', 8, '2017-12-10', 3, 3, 3),
(69, 19, 3, '2017-11-12', 7, '2017-12-18', 3, 3, 3),
(70, 20, 3, '2017-11-12', 59, '2017-12-27', 3, 3, 3),
(71, 21, 3, '2017-11-12', 22, '2017-12-16', 3, 3, 3),
(72, 22, 3, '2017-11-12', 14, '2017-12-05', 3, 3, 3),
(73, 23, 3, '2017-11-12', 4, '2017-12-15', 3, 3, 3),
(74, 24, 3, '2017-11-12', 32, '2017-12-03', 3, 3, 3),
(75, 25, 3, '2017-11-12', 19, '2017-12-03', 3, 3, 3),
(76, 26, 3, '2017-11-12', 21, '2017-12-18', 3, 3, 3),
(77, 27, 3, '2017-11-12', 55, '2017-12-21', 3, 3, 3),
(78, 28, 3, '2017-11-12', 30, '2017-12-22', 3, 3, 3),
(79, 29, 3, '2017-11-12', 45, '2017-12-17', 3, 3, 3),
(80, 30, 3, '2017-11-12', 32, '2017-12-19', 3, 3, 3),
(81, 31, 3, '2017-11-12', 16, '2017-12-15', 3, 3, 3),
(82, 32, 3, '2017-11-12', 30, '2017-12-01', 3, 3, 3),
(83, 33, 3, '2017-11-12', 5, '2017-12-27', 3, 3, 3),
(84, 34, 3, '2017-11-12', 4, '2017-12-08', 3, 3, 3),
(85, 35, 3, '2017-11-12', 21, '2017-12-10', 3, 3, 3),
(86, 36, 3, '2017-11-12', 4, '2017-12-11', 3, 3, 3),
(87, 37, 3, '2017-11-12', 17, '2017-12-02', 3, 3, 3),
(88, 38, 3, '2017-11-12', 27, '2017-12-09', 3, 3, 3),
(89, 39, 3, '2017-11-12', 10, '2017-12-22', 3, 3, 3),
(90, 40, 3, '2017-11-12', 3, '2017-12-17', 3, 3, 3),
(91, 41, 3, '2017-11-12', 15, '2017-12-25', 3, 3, 3),
(92, 42, 3, '2017-11-12', 39, '2017-12-02', 3, 3, 3),
(93, 43, 3, '2017-11-12', 29, '2017-12-18', 3, 3, 3),
(94, 44, 3, '2017-11-12', 4, '2017-12-30', 3, 3, 3),
(95, 45, 3, '2017-11-12', 17, '2017-12-26', 3, 3, 3),
(96, 46, 3, '2017-11-12', 31, '2017-12-30', 3, 3, 3),
(97, 47, 3, '2017-11-12', 24, '2017-12-01', 3, 3, 3),
(98, 48, 3, '2017-11-12', 22, '2017-12-19', 3, 3, 3),
(99, 49, 3, '2017-11-12', 30, '2017-12-14', 3, 3, 3),
(100, 50, 3, '2017-11-12', 29, '2017-12-07', 3, 3, 3),
(101, 51, 3, '2017-11-12', 13, '2017-12-03', 3, 3, 3),
(102, 52, 3, '2017-11-12', 10, '2017-12-05', 3, 3, 3),
(103, 53, 3, '2017-11-12', 30, '2017-12-14', 3, 3, 3),
(104, 54, 3, '2017-11-12', 39, '2017-12-25', 3, 3, 3),
(105, 55, 3, '2017-11-12', 85, '2017-12-24', 3, 3, 3),
(106, 56, 3, '2017-11-12', 18, '2017-12-19', 3, 3, 3),
(107, 57, 3, '2017-11-12', 28, '2017-12-02', 3, 3, 3),
(108, 58, 3, '2017-11-12', 2, '2017-12-26', 3, 3, 3),
(109, 59, 3, '2017-11-12', 20, '2017-12-13', 3, 3, 3),
(110, 60, 3, '2017-11-12', 19, '2017-12-23', 3, 3, 3),
(111, 61, 3, '2017-11-12', 25, '2017-12-02', 3, 3, 3),
(112, 62, 3, '2017-11-12', 45, '2017-12-12', 3, 3, 3),
(113, 63, 3, '2017-11-12', 7, '2017-12-30', 3, 3, 3),
(114, 64, 3, '2017-11-12', 29, '2017-12-23', 3, 3, 3),
(115, 65, 3, '2017-11-12', 13, '2017-12-28', 3, 3, 3),
(116, 66, 3, '2017-11-12', 25, '2017-12-19', 3, 3, 3),
(117, 67, 3, '2017-11-12', 42, '2017-12-23', 3, 3, 3),
(118, 68, 3, '2017-11-12', 29, '2017-12-12', 3, 3, 3),
(119, 69, 3, '2017-11-12', 39, '2017-12-20', 3, 3, 3),
(120, 70, 3, '2017-11-12', 5, '2017-12-17', 3, 3, 3),
(121, 71, 3, '2017-11-12', 4, '2017-12-01', 3, 3, 3),
(122, 72, 3, '2017-11-12', 31, '2017-12-30', 3, 3, 3),
(123, 73, 3, '2017-11-12', 27, '2017-12-18', 3, 3, 3),
(124, 74, 3, '2017-11-12', 27, '2017-12-02', 3, 3, 3),
(125, 75, 3, '2017-11-12', 28, '2017-12-02', 3, 3, 3),
(126, 76, 3, '2017-11-12', 24, '2017-12-14', 3, 3, 3),
(127, 77, 3, '2017-11-12', 1, '2017-12-18', 3, 3, 3),
(128, 78, 3, '2017-11-12', 29, '2017-12-15', 3, 3, 3),
(129, 79, 3, '2017-11-12', 7, '2017-12-08', 3, 3, 3),
(130, 80, 3, '2017-11-12', 11, '2017-12-03', 3, 3, 3),
(131, 81, 3, '2017-11-12', 15, '2017-12-18', 3, 3, 3),
(132, 82, 3, '2017-11-12', 27, '2017-12-03', 3, 3, 3),
(133, 83, 3, '2017-11-12', 31, '2017-12-09', 3, 3, 3),
(134, 84, 3, '2017-11-12', 22, '2017-12-10', 3, 3, 3),
(135, 85, 3, '2017-11-12', 76, '2017-12-16', 3, 3, 3),
(136, 86, 3, '2017-11-12', 19, '2017-12-10', 3, 3, 3),
(137, 87, 3, '2017-11-12', 8, '2017-12-18', 3, 3, 3),
(138, 88, 3, '2017-11-12', 11, '2017-12-02', 3, 3, 3),
(139, 89, 3, '2017-11-12', 51, '2017-12-14', 3, 3, 3),
(140, 90, 3, '2017-11-12', 18, '2017-12-21', 3, 3, 3),
(141, 91, 3, '2017-11-12', 32, '2017-12-09', 3, 3, 3),
(142, 92, 3, '2017-11-12', 0, '2017-12-06', 3, 3, 3),
(143, 93, 3, '2017-11-12', 3, '2017-12-26', 3, 3, 3),
(144, 94, 3, '2017-11-12', 18, '2017-12-29', 3, 3, 3),
(145, 95, 3, '2017-11-12', 24, '2017-12-15', 3, 3, 3),
(146, 96, 3, '2017-11-12', 5, '2017-12-14', 3, 3, 3),
(147, 97, 3, '2017-11-12', 22, '2017-12-02', 3, 3, 3),
(148, 98, 3, '2017-11-12', 40, '2017-12-25', 3, 3, 3),
(149, 99, 3, '2017-11-12', 6, '2017-12-03', 3, 3, 3),
(150, 100, 3, '2017-11-12', 12, '2017-12-07', 3, 3, 3),
(151, 101, 3, '2017-11-12', 24, '2017-12-07', 3, 3, 3),
(152, 102, 3, '2017-11-12', 24, '2017-12-19', 3, 3, 3),
(153, 103, 3, '2017-11-12', 26, '2017-12-29', 3, 3, 3),
(154, 104, 3, '2017-11-12', 22, '2017-12-27', 3, 3, 3),
(155, 105, 3, '2017-11-12', 1, '2017-12-07', 3, 3, 3),
(156, 106, 3, '2017-11-12', 0, '2017-12-04', 3, 3, 3),
(157, 107, 3, '2017-11-12', 8, '2017-12-17', 3, 3, 3),
(158, 108, 3, '2017-11-12', 26, '2017-12-12', 3, 3, 3),
(159, 109, 3, '2017-11-12', 2, '2017-12-24', 3, 3, 3),
(160, 110, 3, '2017-11-12', 31, '2017-12-10', 3, 3, 3),
(161, 111, 3, '2017-11-12', 27, '2017-12-02', 3, 3, 3),
(162, 112, 3, '2017-11-12', 10, '2017-12-17', 3, 3, 3),
(163, 113, 3, '2017-11-12', 32, '2017-12-19', 3, 3, 3),
(164, 114, 3, '2017-11-12', 18, '2017-12-10', 3, 3, 3),
(165, 115, 3, '2017-11-12', 18, '2017-12-06', 3, 3, 3),
(166, 116, 3, '2017-11-12', 5, '2017-12-30', 3, 3, 3),
(167, 117, 3, '2017-11-12', 31, '2017-12-03', 3, 3, 3),
(168, 118, 3, '2017-11-12', 44, '2017-12-21', 3, 3, 3),
(169, 119, 3, '2017-11-12', 2, '2017-12-08', 3, 3, 3),
(170, 120, 3, '2017-11-12', 8, '2017-12-18', 3, 3, 3),
(171, 121, 3, '2017-11-12', 14, '2017-12-02', 3, 3, 3),
(172, 122, 3, '2017-11-12', 23, '2017-12-21', 3, 3, 3),
(173, 123, 3, '2017-11-12', 13, '2017-12-28', 3, 3, 3),
(174, 124, 3, '2017-11-12', 25, '2017-12-29', 3, 3, 3),
(175, 125, 3, '2017-11-12', 2, '2017-12-09', 3, 3, 3),
(176, 126, 3, '2017-11-12', 23, '2017-12-26', 3, 3, 3),
(177, 127, 3, '2017-11-12', 20, '2017-12-04', 3, 3, 3),
(178, 128, 3, '2017-11-12', 11, '2017-12-20', 3, 3, 3),
(179, 129, 3, '2017-11-12', 52, '2017-12-17', 3, 3, 3),
(180, 130, 3, '2017-11-12', 21, '2017-12-19', 3, 3, 3),
(181, 131, 3, '2017-11-12', 10, '2017-12-12', 3, 3, 3),
(182, 132, 3, '2017-11-12', 29, '2017-12-23', 3, 3, 3),
(183, 133, 3, '2017-11-12', 18, '2017-12-13', 3, 3, 3),
(184, 134, 3, '2017-11-12', 49, '2017-12-01', 3, 3, 3),
(185, 135, 3, '2017-11-12', 11, '2017-12-27', 3, 3, 3),
(186, 136, 3, '2017-11-12', 13, '2017-12-29', 3, 3, 3),
(187, 137, 3, '2017-11-12', 62, '2017-12-04', 3, 3, 3),
(188, 138, 3, '2017-11-12', 7, '2017-12-13', 3, 3, 3),
(189, 139, 3, '2017-11-12', 0, '2017-12-03', 3, 3, 3),
(190, 140, 3, '2017-11-12', 31, '2017-12-12', 3, 3, 3),
(191, 141, 3, '2017-11-12', 23, '2017-12-24', 3, 3, 3),
(192, 142, 3, '2017-11-12', 26, '2017-12-07', 3, 3, 3),
(193, 143, 3, '2017-11-12', 12, '2017-12-09', 3, 3, 3),
(194, 144, 3, '2017-11-12', 10, '2017-12-04', 3, 3, 3),
(195, 145, 3, '2017-11-12', 36, '2017-12-19', 3, 3, 3),
(196, 146, 3, '2017-11-12', 51, '2017-12-22', 3, 3, 3),
(197, 147, 3, '2017-11-12', 72, '2017-12-17', 3, 3, 3),
(198, 148, 3, '2017-11-12', 51, '2017-12-17', 3, 3, 3),
(199, 149, 3, '2017-11-12', 7, '2017-12-24', 3, 3, 3),
(200, 150, 3, '2017-11-12', 3, '2017-12-16', 3, 3, 3),
(201, 151, 3, '2017-11-12', 28, '2017-12-11', 3, 3, 3),
(202, 152, 3, '2017-11-12', 15, '2017-12-12', 3, 3, 3),
(203, 153, 3, '2017-11-12', 19, '2017-12-18', 3, 3, 3),
(204, 154, 3, '2017-11-12', 16, '2017-12-15', 3, 3, 3),
(205, 155, 3, '2017-11-12', 31, '2017-12-06', 3, 3, 3),
(206, 156, 3, '2017-11-12', 10, '2017-12-16', 3, 3, 3),
(207, 157, 3, '2017-11-12', 2, '2017-12-21', 3, 3, 3),
(208, 158, 3, '2017-11-12', 26, '2017-12-30', 3, 3, 3),
(209, 159, 3, '2017-11-12', 15, '2017-12-18', 3, 3, 3),
(210, 160, 3, '2017-11-12', 41, '2017-12-12', 3, 3, 3),
(211, 161, 3, '2017-11-12', 7, '2017-12-01', 3, 3, 3),
(212, 162, 3, '2017-11-12', 40, '2017-12-28', 3, 3, 3),
(213, 163, 3, '2017-11-12', 47, '2017-12-26', 3, 3, 3),
(214, 164, 3, '2017-11-12', 28, '2017-12-05', 3, 3, 3),
(215, 165, 3, '2017-11-12', 24, '2017-12-29', 3, 3, 3),
(216, 166, 3, '2017-11-12', 4, '2017-12-10', 3, 3, 3),
(217, 167, 3, '2017-11-12', 30, '2017-12-05', 3, 3, 3),
(218, 168, 3, '2017-11-12', 11, '2017-12-19', 3, 3, 3),
(219, 169, 3, '2017-11-12', 27, '2017-12-13', 3, 3, 3),
(220, 170, 3, '2017-11-12', 27, '2017-12-07', 3, 3, 3),
(221, 171, 3, '2017-11-12', 29, '2017-12-26', 3, 3, 3),
(222, 172, 3, '2017-11-12', 38, '2017-12-21', 3, 3, 3),
(223, 173, 3, '2017-11-12', 12, '2017-12-18', 3, 3, 3),
(224, 174, 3, '2017-11-12', 20, '2017-12-27', 3, 3, 3),
(225, 175, 3, '2017-11-12', 49, '2017-12-25', 3, 3, 3),
(226, 176, 3, '2017-11-12', 19, '2017-12-26', 3, 3, 3),
(227, 177, 3, '2017-11-12', 18, '2017-12-12', 3, 3, 3),
(228, 178, 3, '2017-11-12', 27, '2017-12-25', 3, 3, 3),
(229, 179, 3, '2017-11-12', 17, '2017-12-10', 3, 3, 3),
(230, 180, 3, '2017-11-12', 15, '2017-12-17', 3, 3, 3),
(231, 181, 3, '2017-11-12', 15, '2017-12-09', 3, 3, 3),
(232, 182, 3, '2017-11-12', 25, '2017-12-17', 3, 3, 3),
(233, 183, 3, '2017-11-12', 42, '2017-12-26', 3, 3, 3),
(234, 184, 3, '2017-11-12', 42, '2017-12-01', 3, 3, 3),
(235, 185, 3, '2017-11-12', 52, '2017-12-09', 3, 3, 3),
(236, 186, 3, '2017-11-12', 30, '2017-12-01', 3, 3, 3),
(237, 187, 3, '2017-11-12', 8, '2017-12-05', 3, 3, 3),
(238, 188, 3, '2017-11-12', 35, '2017-12-28', 3, 3, 3),
(239, 189, 3, '2017-11-12', 26, '2017-12-25', 3, 3, 3),
(240, 190, 3, '2017-11-12', 2, '2017-12-11', 3, 3, 3),
(241, 191, 3, '2017-11-12', 13, '2017-12-08', 3, 3, 3),
(242, 192, 3, '2017-11-12', 31, '2017-12-04', 3, 3, 3),
(243, 193, 3, '2017-11-12', 23, '2017-12-25', 3, 3, 3),
(244, 194, 3, '2017-11-12', 5, '2017-12-22', 3, 3, 3),
(245, 195, 3, '2017-11-12', 9, '2017-12-12', 3, 3, 3),
(246, 196, 3, '2017-11-12', 13, '2017-12-27', 3, 3, 3),
(247, 197, 3, '2017-11-12', 21, '2017-12-11', 3, 3, 3),
(248, 198, 3, '2017-11-12', 35, '2017-12-05', 3, 3, 3),
(249, 199, 3, '2017-11-12', 19, '2017-12-06', 3, 3, 3),
(250, 200, 3, '2017-11-12', 41, '2017-12-10', 3, 3, 3),
(251, 201, 3, '2017-11-12', 28, '2017-12-17', 3, 3, 3),
(252, 202, 3, '2017-11-12', 39, '2017-12-29', 3, 3, 3),
(253, 203, 3, '2017-11-12', 26, '2017-12-04', 3, 3, 3),
(254, 204, 3, '2017-11-12', 24, '2017-12-18', 3, 3, 3),
(255, 205, 3, '2017-11-12', 19, '2017-12-21', 3, 3, 3),
(256, 206, 3, '2017-11-12', 36, '2017-12-21', 3, 3, 3),
(257, 207, 3, '2017-11-12', 18, '2017-12-24', 3, 3, 3),
(258, 208, 3, '2017-11-12', 35, '2017-12-22', 3, 3, 3),
(259, 209, 3, '2017-11-12', 2, '2017-12-21', 3, 3, 3),
(260, 210, 3, '2017-11-12', 21, '2017-12-11', 3, 3, 3),
(261, 211, 3, '2017-11-12', 38, '2017-12-04', 3, 3, 3),
(262, 212, 3, '2017-11-12', 1, '2017-12-27', 3, 3, 3),
(263, 213, 3, '2017-11-12', 22, '2017-12-20', 3, 3, 3),
(264, 214, 3, '2017-11-12', 14, '2017-12-02', 3, 3, 3),
(265, 215, 3, '2017-11-12', 38, '2017-12-04', 3, 3, 3),
(266, 216, 3, '2017-11-12', 22, '2017-12-14', 3, 3, 3),
(267, 217, 3, '2017-11-12', 36, '2017-12-02', 3, 3, 3),
(268, 218, 3, '2017-11-12', 9, '2017-12-25', 3, 3, 3),
(269, 219, 3, '2017-11-12', 3, '2017-12-27', 3, 3, 3),
(270, 220, 3, '2017-11-12', 31, '2017-12-28', 3, 3, 3),
(271, 221, 3, '2017-11-12', 56, '2017-12-05', 3, 3, 3),
(272, 222, 3, '2017-11-12', 39, '2017-12-08', 3, 3, 3),
(273, 223, 3, '2017-11-12', 17, '2017-12-24', 3, 3, 3),
(274, 224, 3, '2017-11-12', 13, '2017-12-03', 3, 3, 3),
(275, 225, 3, '2017-11-12', 22, '2017-12-29', 3, 3, 3),
(276, 226, 3, '2017-11-12', 19, '2017-12-22', 3, 3, 3),
(277, 227, 3, '2017-11-12', 97, '2017-12-26', 3, 3, 3),
(278, 228, 3, '2017-11-12', 20, '2017-12-27', 3, 3, 3),
(279, 229, 3, '2017-11-12', 29, '2017-12-15', 3, 3, 3),
(280, 230, 3, '2017-11-12', 28, '2017-12-29', 3, 3, 3),
(281, 231, 3, '2017-11-12', 9, '2017-12-15', 3, 3, 3),
(282, 232, 3, '2017-11-12', 1, '2017-12-08', 3, 3, 3),
(283, 233, 3, '2017-11-12', 18, '2017-12-20', 3, 3, 3),
(284, 234, 3, '2017-11-12', 0, '2017-12-01', 3, 3, 3),
(285, 235, 3, '2017-11-12', 23, '2017-12-30', 3, 3, 3),
(286, 236, 3, '2017-11-12', 32, '2017-12-10', 3, 3, 3),
(287, 237, 3, '2017-11-12', 26, '2017-12-13', 3, 3, 3),
(288, 238, 3, '2017-11-12', 19, '2017-12-09', 3, 3, 3),
(289, 239, 3, '2017-11-12', 18, '2017-12-11', 3, 3, 3),
(290, 240, 3, '2017-11-12', 15, '2017-12-18', 3, 3, 3),
(291, 241, 3, '2017-11-12', 71, '2017-12-08', 3, 3, 3),
(292, 242, 3, '2017-11-12', 1, '2017-12-14', 3, 3, 3),
(293, 243, 3, '2017-11-12', 51, '2017-12-08', 3, 3, 3),
(294, 244, 3, '2017-11-12', 3, '2017-12-15', 3, 3, 3),
(295, 245, 3, '2017-11-12', 8, '2017-12-07', 3, 3, 3),
(296, 246, 3, '2017-11-12', 2, '2017-12-12', 3, 3, 3),
(297, 247, 3, '2017-11-12', 55, '2017-12-14', 3, 3, 3),
(298, 248, 3, '2017-11-12', 29, '2017-12-24', 3, 3, 3),
(299, 249, 3, '2017-11-12', 36, '2017-12-19', 3, 3, 3),
(300, 250, 3, '2017-11-12', 33, '2017-12-28', 3, 3, 3),
(301, 251, 3, '2017-11-12', 44, '2017-12-25', 3, 3, 3),
(302, 252, 3, '2017-11-12', 35, '2017-12-17', 3, 3, 3),
(303, 253, 3, '2017-11-12', 16, '2017-12-09', 3, 3, 3),
(304, 254, 3, '2017-11-12', 11, '2017-12-09', 3, 3, 3),
(305, 255, 3, '2017-11-12', 65, '2017-12-05', 3, 3, 3),
(306, 256, 3, '2017-11-12', 5, '2017-12-10', 3, 3, 3),
(307, 257, 3, '2017-11-12', 24, '2017-12-06', 3, 3, 3),
(308, 258, 3, '2017-11-12', 14, '2017-12-02', 3, 3, 3),
(309, 259, 3, '2017-11-12', 12, '2017-12-19', 3, 3, 3),
(310, 260, 3, '2017-11-12', 71, '2017-12-29', 3, 3, 3),
(311, 261, 3, '2017-11-12', 11, '2017-12-25', 3, 3, 3),
(312, 262, 3, '2017-11-12', 64, '2017-12-28', 3, 3, 3),
(313, 263, 3, '2017-11-12', 42, '2017-12-07', 3, 3, 3),
(314, 264, 3, '2017-11-12', 17, '2017-12-22', 3, 3, 3),
(315, 265, 3, '2017-11-12', 19, '2017-12-27', 3, 3, 3),
(316, 266, 3, '2017-11-12', 19, '2017-12-27', 3, 3, 3);

-- --------------------------------------------------------

--
-- Tábla szerkezet ehhez a táblához `felhaszn`
--

CREATE TABLE `felhaszn` (
  `user_id` int(11) NOT NULL,
  `user_name` varchar(15) COLLATE utf8_hungarian_ci NOT NULL,
  `jelszo` varchar(60) COLLATE utf8_hungarian_ci NOT NULL,
  `hozzafer_ervenyes` binary(1) DEFAULT NULL
) ENGINE=InnoDB DEFAULT CHARSET=utf8 COLLATE=utf8_hungarian_ci;

--
-- A tábla adatainak kiíratása `felhaszn`
--

INSERT INTO `felhaszn` (`user_id`, `user_name`, `jelszo`, `hozzafer_ervenyes`) VALUES
(1, 'markovicsi01', '$2a$10$fyxO2HpXRKHuwJHwPTmMdOEVn1MPVu0fvS4t47CAuXbCNzeVBVtx6', 0x31),
(2, 'kovacsg01', '$2a$10$CpWArhwXqEQvypE6.8aBAOHOfOgwHhftbpSU8wb9.qYu/VP9nfGQq', 0x31),
(3, 'kovacsg02', '$2a$10$uRZGvNmei2hrcQMGCe2pveK2LN6qGp2bUM85214JZLPWhfbUpgCIi', 0x31),
(4, 'feherg01', '$2y$12$bxQAXP0CLnxiRva3hcRXU.o3RqRHxCOj8CdwY0FKNZECV2f5P/40m', 0x31),
(5, 'ellenor01', '$2a$10$.S.S3TH.5tcESN0hbvjAkeDlPbNNIVo.8SEv85KxGz7YfM4NuPOHy', 0x31),
(6, 'kocsisi01', '$2y$12$kaKg.04ybo56Z9t0PqGFauC/tGXxI/4A2nQZNo.kFQsjibVqPF1Ny', 0x31),
(7, 'petofian01', '$2a$10$0QlM3BPUJIgbcHs5DFOV3uCxSnk4Hsij7fapcaWWGCaUlP49/Jxcm', 0x31),
(8, 'kissga01', '$2y$12$4mSSuHabE6Gey3EnN0vLIuWDmRG4qPq1nqbY2m3tm4J8AwE/Spn8e', 0x31),
(9, 'nagyfe01', '$2y$12$NsVWZ52roa/USSBOHmc8S.r7yfoQ6DbZSmjNljy6bMvMnzhWKHp.G', 0x31),
(10, 'toldipe01', '$2y$12$YHpS9Gbd0FFOrRn.8o.GvOUUtEbfg6kxGckiDOzwJ5N7yCK89Fc..', 0x30);

-- --------------------------------------------------------

--
-- Tábla szerkezet ehhez a táblához `felhasznadatok`
--

CREATE TABLE `felhasznadatok` (
  `user_id` int(11) NOT NULL,
  `taj_szam` varchar(11) COLLATE utf8_hungarian_ci NOT NULL,
  `vez_nev` varchar(20) COLLATE utf8_hungarian_ci NOT NULL,
  `ker_nev` varchar(30) COLLATE utf8_hungarian_ci DEFAULT NULL,
  `beosztas` varchar(30) COLLATE utf8_hungarian_ci DEFAULT NULL,
  `terulet` varchar(30) COLLATE utf8_hungarian_ci DEFAULT NULL,
  `jog_id` varchar(20) COLLATE utf8_hungarian_ci DEFAULT NULL
) ENGINE=InnoDB DEFAULT CHARSET=utf8 COLLATE=utf8_hungarian_ci;

--
-- A tábla adatainak kiíratása `felhasznadatok`
--

INSERT INTO `felhasznadatok` (`user_id`, `taj_szam`, `vez_nev`, `ker_nev`, `beosztas`, `terulet`, `jog_id`) VALUES
(1, '123-456-789', 'Markovics', 'Imre', 'adminisztrator', '101 iroda', 'adminisztrator'),
(2, '987-654-321', 'Kovács', 'Gábor', 'könyvelő', '101 iroda', 'konyvelo'),
(3, '345-678-901', 'Kovács', 'Géza', 'raktáros', 'Központi raktár', 'raktaros'),
(4, '876-543-210', 'Fehér', 'Gáspár', 'intézetvezető', '105 iroda', 'ellenorzo'),
(5, '', 'Hatosági', 'Személy', '', '', 'ellenorzo'),
(6, '123-987-654', 'Kocsis', 'Iván', 'kutató', '111 labor', 'kutato'),
(7, '654-644-432', 'Petőfi', 'András', 'laborns', '111 labor', 'laborans'),
(8, '234-567-890', 'Kiss', 'Géza', 'kutatásvezető', '012 labor', 'kutato'),
(9, '123-543-675', 'Nagy', 'Ferenc', 'laboráns', '012 labor', 'laborans'),
(10, '543-433-345', 'Toldi', 'Péter', 'raktar-labor', '012 labor', 'labor-raktaros');

-- --------------------------------------------------------

--
-- Tábla szerkezet ehhez a táblához `jogosultsag`
--

CREATE TABLE `jogosultsag` (
  `jog_id` varchar(20) COLLATE utf8_hungarian_ci NOT NULL,
  `jog` int(11) DEFAULT NULL
) ENGINE=InnoDB DEFAULT CHARSET=utf8 COLLATE=utf8_hungarian_ci;

--
-- A tábla adatainak kiíratása `jogosultsag`
--

INSERT INTO `jogosultsag` (`jog_id`, `jog`) VALUES
('adminisztrator', 59048),
('ellenorzo', 29524),
('konyvelo', 22958),
('kutato', 56979),
('labor-raktaros', 48153),
('laborans', 48114),
('raktaros', 242);

-- --------------------------------------------------------

--
-- Tábla szerkezet ehhez a táblához `kapcsolat`
--

CREATE TABLE `kapcsolat` (
  `beszallito_id` varchar(15) COLLATE utf8_hungarian_ci NOT NULL,
  `kapcsolat_nev` varchar(30) COLLATE utf8_hungarian_ci DEFAULT NULL,
  `kapcsolat_beosztas` varchar(20) COLLATE utf8_hungarian_ci DEFAULT NULL,
  `kapcsolat_email` varchar(20) COLLATE utf8_hungarian_ci NOT NULL,
  `kapcsolat_tel` varchar(20) COLLATE utf8_hungarian_ci DEFAULT NULL
) ENGINE=InnoDB DEFAULT CHARSET=utf8 COLLATE=utf8_hungarian_ci;

--
-- A tábla adatainak kiíratása `kapcsolat`
--

INSERT INTO `kapcsolat` (`beszallito_id`, `kapcsolat_nev`, `kapcsolat_beosztas`, `kapcsolat_email`, `kapcsolat_tel`) VALUES
('novochem', 'Buzder-Lantos Erzsébet', 'üzletkötő-szervetlen', 'buzder@novochem.hu', '+36-30-265-4732'),
('novochem', 'Soós Eszter', 'bonyolító-szervetlen', 'soos@novochem.hu', '+36-1-464-4811'),
('novochem', 'Kucher Krisztina', 'üzletkötő-szervetlen', 'kucher@novochem.hu', '+36-1-464-4812'),
('novochem', 'Kocsis József', 'üzletkötő-metanol,ec', 'kocsis@novochem.hu', '+36-1-464-4839'),
('novochem', 'Miskolczi Erika', 'üzletkötő-oldószerek', 'miskolczi@novochem.h', '+36-1-464-4805'),
('novochem', 'Költőné Koncz Ilona', 'bonyolító-oldószerek', 'ilona@novochem.hu', '+36-1-464-4922'),
('renal', '', '', 'reanallabor@reanalla', '+36-1-414-6040'),
('chemoker', '', '', 'cemolkerkft@gmail.co', '+36-53-552-305');

-- --------------------------------------------------------

--
-- Tábla szerkezet ehhez a táblához `keresek`
--

CREATE TABLE `keresek` (
  `keres_id` int(11) NOT NULL,
  `keres_datum` date NOT NULL,
  `termek_quant_id` int(11) NOT NULL,
  `user_id` int(11) NOT NULL,
  `keres_mennyiseg` int(11) DEFAULT NULL,
  `keres_teljesit` date DEFAULT NULL,
  `keres_modosit` int(11) DEFAULT NULL,
  `keres_erveny` tinyint(4) DEFAULT NULL
) ENGINE=InnoDB DEFAULT CHARSET=utf8 COLLATE=utf8_hungarian_ci;

--
-- A tábla adatainak kiíratása `keresek`
--

INSERT INTO `keresek` (`keres_id`, `keres_datum`, `termek_quant_id`, `user_id`, `keres_mennyiseg`, `keres_teljesit`, `keres_modosit`, `keres_erveny`) VALUES
(1, '2018-04-25', 158, 8, 19, '2018-04-26', 3, 2),
(2, '2019-12-24', 262, 8, 9, '0000-00-00', 8, 1),
(3, '2019-03-03', 55, 6, 26, '2019-03-04', 3, 2),
(4, '2018-04-01', 148, 6, 1, '2018-04-02', 3, 2),
(5, '2019-01-25', 260, 8, 14, '2019-01-26', 3, 2),
(6, '2018-02-13', 266, 6, 1, '2018-02-14', 3, 2),
(7, '2018-07-20', 229, 8, 4, '2018-07-21', 3, 2),
(8, '2018-03-27', 35, 6, 17, '2018-03-28', 3, 2),
(9, '2018-10-21', 54, 6, 21, '2018-10-22', 3, 2),
(10, '2019-12-01', 239, 6, 10, '2019-12-02', 3, 2),
(11, '2018-09-24', 89, 6, 28, '0000-00-00', 6, 0),
(12, '2018-03-27', 200, 8, 25, '2018-03-28', 3, 2),
(13, '2019-11-26', 227, 8, 24, '2019-11-27', 3, 2),
(14, '2019-04-10', 85, 8, 28, '2019-04-11', 3, 2),
(15, '2019-08-23', 147, 8, 24, '2019-08-24', 3, 2),
(16, '2018-08-19', 129, 8, 13, '2018-08-20', 3, 2),
(17, '2019-09-17', 126, 8, 22, '2019-09-18', 3, 2),
(18, '2018-12-26', 1, 8, 29, '0000-00-00', 0, 1),
(19, '2018-07-15', 260, 6, 6, '2018-07-16', 3, 2),
(20, '2019-02-27', 188, 8, 21, '2019-02-28', 3, 2),
(21, '2018-03-04', 228, 8, 3, '0000-00-00', 0, 1),
(22, '2019-09-08', 55, 8, 14, '2019-09-09', 3, 2),
(23, '2019-11-24', 146, 6, 20, '2019-11-25', 3, 2),
(24, '2018-02-18', 165, 8, 2, '0000-00-00', 0, 1),
(25, '2019-09-04', 249, 8, 21, '2019-09-05', 3, 2),
(26, '2019-10-02', 227, 6, 27, '0000-00-00', 0, 1),
(27, '2019-03-16', 227, 6, 19, '2019-03-17', 3, 2),
(28, '2018-02-08', 247, 8, 25, '2018-02-09', 3, 2),
(29, '2018-07-04', 36, 8, 3, '2018-07-05', 3, 2),
(30, '2018-02-06', 20, 6, 12, '0000-00-00', 6, 0),
(31, '2019-11-23', 29, 6, 23, '2019-11-24', 3, 2),
(32, '2018-07-13', 233, 6, 1, '2018-07-14', 3, 2),
(33, '2019-12-25', 151, 6, 21, '2019-12-26', 3, 2),
(34, '2019-11-24', 69, 6, 23, '0000-00-00', 0, 1),
(35, '2018-12-08', 24, 8, 29, '2018-12-09', 3, 2),
(36, '2018-04-04', 98, 8, 24, '2018-04-05', 3, 2),
(37, '2019-08-14', 118, 8, 23, '2019-08-15', 3, 2),
(38, '2018-11-15', 74, 6, 10, '0000-00-00', 0, 1),
(39, '2019-12-07', 217, 6, 17, '0000-00-00', 0, 1),
(40, '2019-02-05', 194, 8, 5, '2019-02-06', 3, 2),
(41, '2019-09-13', 137, 6, 10, '0000-00-00', 0, 1),
(42, '2018-05-07', 90, 8, 8, '0000-00-00', 0, 1),
(43, '2018-10-15', 39, 6, 9, '2018-10-16', 3, 2),
(44, '2018-11-15', 104, 8, 14, '0000-00-00', 0, 1),
(45, '2018-04-08', 5, 6, 9, '0000-00-00', 0, 1),
(46, '2018-01-03', 140, 6, 1, '2018-01-04', 3, 2),
(47, '2019-12-28', 175, 8, 29, '2019-12-30', 3, 2),
(48, '2018-08-10', 145, 6, 19, '2018-08-11', 3, 2),
(49, '2019-12-20', 86, 6, 4, '2019-12-21', 3, 2),
(50, '2018-12-12', 236, 6, 2, '0000-00-00', 6, 0),
(51, '2018-09-08', 185, 8, 22, '0000-00-00', 0, 1),
(52, '2019-11-15', 235, 8, 14, '2019-11-16', 3, 2),
(53, '2019-10-20', 175, 6, 6, '2019-10-21', 3, 2),
(54, '2018-02-27', 30, 8, 23, '2018-02-28', 3, 2),
(55, '2019-05-27', 5, 6, 21, '0000-00-00', 0, 1),
(56, '2019-07-17', 69, 8, 16, '0000-00-00', 3, 3),
(57, '2018-12-25', 204, 6, 12, '2018-12-26', 3, 2),
(58, '2018-05-13', 162, 6, 17, '2018-05-14', 3, 2),
(59, '2018-12-28', 148, 8, 26, '0000-00-00', 3, 3),
(60, '2018-10-09', 153, 8, 8, '2018-10-10', 3, 2),
(61, '2018-08-11', 27, 6, 19, '0000-00-00', 0, 1),
(62, '2018-11-05', 255, 6, 29, '2018-11-06', 3, 2),
(63, '2019-02-04', 138, 8, 4, '2019-02-05', 3, 2),
(64, '2018-04-04', 170, 6, 8, '0000-00-00', 0, 1),
(65, '2018-07-28', 214, 6, 12, '2018-07-30', 3, 2),
(66, '2019-03-27', 42, 8, 24, '2019-03-28', 3, 2),
(67, '2018-01-27', 164, 6, 12, '2018-01-28', 3, 2),
(68, '2019-02-05', 167, 8, 29, '2019-02-06', 3, 2),
(69, '2018-03-04', 221, 8, 28, '2018-03-05', 3, 2),
(70, '2018-03-04', 67, 6, 27, '2018-03-05', 3, 2),
(71, '2019-03-27', 208, 8, 25, '2019-03-28', 3, 2),
(72, '2018-03-18', 95, 6, 22, '2018-03-19', 3, 2),
(73, '2018-11-21', 117, 8, 22, '2018-11-22', 3, 2),
(74, '2019-10-28', 112, 6, 7, '2019-10-30', 3, 2),
(75, '2019-10-11', 198, 6, 21, '0000-00-00', 0, 1),
(76, '2019-03-24', 172, 8, 13, '2019-03-25', 3, 2),
(77, '2018-07-16', 27, 8, 29, '0000-00-00', 0, 1),
(78, '2018-06-05', 243, 8, 2, '2018-06-06', 3, 2),
(79, '2018-12-13', 13, 6, 20, '0000-00-00', 3, 3),
(80, '2018-05-02', 103, 8, 24, '2018-05-03', 3, 2),
(81, '2019-04-09', 160, 6, 10, '0000-00-00', 0, 1),
(82, '2018-08-08', 68, 6, 25, '2018-08-09', 3, 2),
(83, '2018-04-20', 101, 8, 18, '2018-04-21', 3, 2),
(84, '2018-07-23', 85, 6, 22, '0000-00-00', 3, 3),
(85, '2018-08-01', 55, 8, 22, '2018-08-02', 3, 2),
(86, '2019-03-02', 228, 8, 6, '2019-03-03', 3, 2),
(87, '2018-02-23', 210, 6, 1, '2018-02-24', 3, 2),
(88, '2018-11-06', 6, 6, 9, '2018-11-07', 3, 2),
(89, '2019-12-17', 202, 8, 29, '2019-12-18', 3, 2),
(90, '2019-07-12', 137, 6, 24, '2019-07-13', 3, 2),
(91, '2018-06-13', 113, 8, 24, '2018-06-14', 3, 2),
(92, '2019-01-28', 54, 6, 6, '2019-01-28', 3, 2),
(93, '2019-10-14', 200, 8, 2, '2019-10-15', 3, 2),
(94, '2018-06-28', 104, 8, 8, '2018-06-30', 3, 2),
(95, '2019-05-28', 192, 8, 22, '0000-00-00', 8, 0),
(96, '2019-08-14', 108, 6, 17, '0000-00-00', 0, 1),
(97, '2019-07-23', 241, 8, 23, '0000-00-00', 0, 1),
(98, '2019-05-23', 187, 8, 2, '2019-05-24', 3, 2),
(99, '2018-02-16', 260, 8, 14, '2018-02-17', 3, 2),
(100, '2019-06-14', 184, 6, 24, '2019-06-15', 3, 2),
(101, '2019-12-05', 15, 6, 16, '2019-12-06', 3, 2),
(102, '2018-06-07', 222, 6, 27, '0000-00-00', 0, 1),
(103, '2019-05-15', 129, 6, 20, '2019-05-16', 3, 2),
(104, '2019-12-18', 82, 8, 23, '2019-12-19', 3, 2),
(105, '2018-04-14', 183, 6, 13, '0000-00-00', 3, 3),
(106, '2019-09-15', 98, 6, 5, '2019-09-16', 3, 2),
(107, '2018-10-17', 187, 8, 6, '2018-10-18', 3, 2),
(108, '2019-01-05', 20, 6, 22, '2019-01-06', 3, 2),
(109, '2019-06-23', 20, 8, 5, '2019-06-24', 3, 2),
(110, '2019-07-14', 31, 8, 12, '2019-07-15', 3, 2),
(111, '2019-01-20', 210, 8, 8, '0000-00-00', 0, 1),
(112, '2019-06-17', 163, 8, 11, '0000-00-00', 3, 3),
(113, '2019-06-27', 118, 6, 9, '2019-06-28', 3, 2),
(114, '2019-11-28', 62, 6, 17, '2019-11-30', 3, 2),
(115, '2018-12-23', 60, 8, 9, '2018-12-24', 3, 2),
(116, '2018-09-14', 251, 8, 14, '0000-00-00', 0, 1),
(117, '2018-01-23', 260, 8, 24, '2018-01-24', 3, 2),
(118, '2019-05-19', 215, 6, 21, '2019-05-20', 3, 2),
(119, '2019-04-18', 98, 8, 3, '2019-04-19', 3, 2),
(120, '2019-03-10', 101, 6, 3, '2019-03-11', 3, 2),
(121, '2019-06-09', 75, 6, 10, '2019-06-10', 3, 2),
(122, '2019-03-08', 131, 6, 6, '2019-03-09', 3, 2),
(123, '2019-02-03', 32, 6, 20, '2019-02-04', 3, 2),
(124, '2018-11-08', 189, 8, 5, '2018-11-09', 3, 2),
(125, '2019-06-21', 163, 6, 25, '2019-06-22', 3, 2),
(126, '2019-05-05', 53, 8, 9, '0000-00-00', 0, 1),
(127, '2018-05-14', 252, 6, 5, '2018-05-15', 3, 2),
(128, '2018-03-04', 262, 8, 27, '2018-03-05', 3, 2),
(129, '2019-01-13', 111, 8, 20, '0000-00-00', 0, 1),
(130, '2019-07-03', 263, 8, 26, '0000-00-00', 8, 0),
(131, '2019-03-11', 206, 6, 23, '2019-03-12', 3, 2),
(132, '2019-07-01', 134, 8, 19, '0000-00-00', 0, 1),
(133, '2019-04-27', 55, 6, 23, '2019-04-28', 3, 2),
(134, '2019-03-19', 91, 6, 28, '2019-03-20', 3, 2),
(135, '2018-07-08', 210, 8, 9, '2018-07-09', 3, 2),
(136, '2019-02-07', 83, 6, 3, '2019-02-08', 3, 2),
(137, '2019-02-10', 65, 8, 7, '2019-02-11', 3, 2),
(138, '2019-06-28', 264, 8, 11, '2019-06-28', 3, 2),
(139, '2019-09-21', 63, 6, 2, '0000-00-00', 0, 1),
(140, '2019-09-01', 110, 8, 14, '0000-00-00', 0, 1),
(141, '2018-09-05', 175, 6, 9, '2018-09-06', 3, 2),
(142, '2018-04-22', 203, 6, 21, '0000-00-00', 0, 1),
(143, '2018-04-06', 147, 6, 26, '2018-04-07', 3, 2),
(144, '2018-07-01', 250, 8, 11, '0000-00-00', 0, 1),
(145, '2018-04-27', 255, 6, 20, '2018-04-28', 3, 2),
(146, '2019-10-13', 176, 8, 10, '2019-10-14', 3, 2),
(147, '2018-12-02', 243, 8, 27, '0000-00-00', 0, 1),
(148, '2018-10-13', 241, 6, 24, '0000-00-00', 0, 1),
(149, '2018-02-19', 211, 6, 8, '0000-00-00', 0, 1),
(150, '2018-11-01', 177, 8, 14, '0000-00-00', 0, 1);

-- --------------------------------------------------------

--
-- Tábla szerkezet ehhez a táblához `raktmennyiseg`
--

CREATE TABLE `raktmennyiseg` (
  `termek_quant_id` int(11) NOT NULL,
  `termek_min_id` int(10) UNSIGNED NOT NULL,
  `termek_kod` varchar(40) COLLATE utf8_hungarian_ci NOT NULL,
  `termek_kiszerel` int(10) UNSIGNED NOT NULL,
  `termek_mennyiseg` int(10) UNSIGNED NOT NULL,
  `termek_hely` varchar(15) COLLATE utf8_hungarian_ci NOT NULL,
  `termek_medatum` date DEFAULT NULL,
  `termek_memodosit` int(11) DEFAULT NULL,
  `termek_meerveny` binary(1) DEFAULT NULL
) ENGINE=InnoDB DEFAULT CHARSET=utf8 COLLATE=utf8_hungarian_ci;

--
-- A tábla adatainak kiíratása `raktmennyiseg`
--

INSERT INTO `raktmennyiseg` (`termek_quant_id`, `termek_min_id`, `termek_kod`, `termek_kiszerel`, `termek_mennyiseg`, `termek_hely`, `termek_medatum`, `termek_memodosit`, `termek_meerveny`) VALUES
(1, 1, '987-04T0', 100, 30, 'III/D/9.10', '2017-12-01', 3, 0x31),
(2, 1, '264-53R9', 250, 16, 'III/B/2.8', '2017-12-01', 3, 0x31),
(3, 1, '157-32H1', 500, 13, 'I/D/12.7', '2017-12-01', 3, 0x30),
(4, 2, '165-09D8', 100, 20, 'I/K/4.8', '2017-12-01', 3, 0x31),
(5, 3, '127-63C6', 100, 16, 'I/B/2.4', '2017-12-01', 3, 0x31),
(6, 3, '613-48K5', 250, 24, 'IV/B/1.2', '2017-12-01', 3, 0x31),
(7, 4, '448-05T7', 100, 7, 'IV/G/4.4', '2017-12-01', 3, 0x30),
(8, 4, '564-39O3', 250, 4, 'II/H/6.5', '2017-12-01', 3, 0x31),
(9, 5, '620-64R5', 100, 3, 'I/D/2.6', '2017-12-01', 3, 0x31),
(10, 6, '447-15N9', 100, 2, 'II/I/1.6', '2017-12-01', 3, 0x31),
(11, 7, '074-62T0', 100, 31, 'III/K/10.7', '2017-12-01', 3, 0x31),
(12, 7, '361-24z2', 250, 22, 'I/K/4.10', '2017-12-01', 3, 0x30),
(13, 8, '582-69K1', 100, 2, 'I/J/6.4', '2017-12-01', 3, 0x30),
(14, 9, '477-38F5', 100, 12, 'II/G/8.7', '2017-12-01', 3, 0x30),
(15, 10, '081-63S4', 100, 5, 'II/D/11.3', '2017-12-01', 3, 0x31),
(16, 10, '343-70C2', 250, 8, 'II/C/11.2', '2017-12-01', 3, 0x31),
(17, 10, '415-79H4', 500, 15, 'I/E/9.9', '2017-12-01', 3, 0x30),
(18, 11, '623-44O0', 100, 8, 'IV/K/10.6', '2017-12-01', 3, 0x31),
(19, 12, '476-25U2', 100, 7, 'III/H/5.7', '2017-12-01', 3, 0x30),
(20, 12, '630-69B9', 250, 20, 'IV/J/9.5', '2017-12-01', 3, 0x31),
(21, 12, '512-59J7', 500, 22, 'I/C/10.5', '2017-12-01', 3, 0x31),
(22, 13, '836-70V7', 100, 14, 'IV/K/5.9', '2017-12-01', 3, 0x31),
(23, 14, '048-87A2', 100, 4, 'IV/A/9.10', '2017-12-01', 3, 0x30),
(24, 14, '050-21R8', 250, 3, 'I/D/3.7', '2017-12-01', 3, 0x31),
(25, 15, '013-11W1', 100, 19, 'III/E/12.7', '2017-12-01', 3, 0x31),
(26, 15, '973-50D9', 250, 21, 'IV/K/9.2', '2017-12-01', 3, 0x31),
(27, 15, '648-16F1', 500, 7, 'I/K/9.9', '2017-12-01', 3, 0x31),
(28, 16, '649-62N3', 100, 30, 'II/J/9.2', '2017-12-01', 3, 0x31),
(29, 17, '112-60z2', 100, 22, 'IV/E/9.8', '2017-12-01', 3, 0x31),
(30, 17, '067-77N0', 250, 9, 'I/K/4.5', '2017-12-01', 3, 0x31),
(31, 18, '619-45S4', 100, 4, 'I/H/1.9', '2017-12-01', 3, 0x31),
(32, 18, '897-59O0', 250, 10, 'II/G/2.1', '2017-12-01', 3, 0x31),
(33, 18, '539-29E3', 500, 5, 'III/G/10.10', '2017-12-01', 3, 0x31),
(34, 19, '096-06V9', 100, 4, 'II/F/5.4', '2017-12-01', 3, 0x30),
(35, 20, '435-84z1', 100, 4, 'I/J/9.9', '2017-12-01', 3, 0x31),
(36, 20, '433-95V5', 250, 1, 'I/H/5.1', '2017-12-01', 3, 0x31),
(37, 21, '638-61C8', 100, 17, 'I/J/11.8', '2017-12-01', 3, 0x31),
(38, 21, '383-58z5', 250, 27, 'III/D/7.1', '2017-12-01', 3, 0x31),
(39, 21, '042-37C8', 500, 1, 'I/G/8.8', '2017-12-01', 3, 0x31),
(40, 22, '096-61S8', 100, 3, 'III/I/2.6', '2017-12-01', 3, 0x31),
(41, 23, '919-26L1', 100, 15, 'II/I/1.8', '2017-12-01', 3, 0x30),
(42, 23, '732-78R7', 250, 15, 'IV/J/9.4', '2017-12-01', 3, 0x31),
(43, 23, '887-42F0', 500, 29, 'I/K/8.4', '2017-12-01', 3, 0x31),
(44, 24, '156-96K7', 100, 4, 'IV/D/1.3', '2017-12-01', 3, 0x30),
(45, 24, '230-22X2', 250, 17, 'I/H/10.6', '2017-12-01', 3, 0x30),
(46, 24, '796-36J7', 500, 31, 'III/K/3.10', '2017-12-01', 3, 0x31),
(47, 25, '571-44Y3', 100, 24, 'III/A/9.4', '2017-12-01', 3, 0x31),
(48, 25, '819-88J8', 250, 22, 'IV/F/6.7', '2017-12-01', 3, 0x31),
(49, 25, '596-48I2', 500, 30, 'III/J/2.3', '2017-12-01', 3, 0x31),
(50, 26, '494-56I9', 100, 29, 'IV/H/2.4', '2017-12-01', 3, 0x31),
(51, 26, '227-26T7', 250, 13, 'II/B/2.3', '2017-12-01', 3, 0x31),
(52, 27, '513-85N7', 100, 10, 'IV/E/11.8', '2017-12-01', 3, 0x31),
(53, 28, '509-35T9', 100, 21, 'IV/G/5.6', '2017-12-01', 3, 0x31),
(54, 28, '108-23G2', 250, 12, 'IV/F/11.6', '2017-12-01', 3, 0x30),
(55, 28, '895-33X3', 500, 0, 'IV/D/2.8', '2017-12-01', 3, 0x31),
(56, 29, '182-74A9', 100, 18, 'I/K/2.6', '2017-12-01', 3, 0x31),
(57, 29, '138-51V6', 250, 28, 'I/B/8.3', '2017-12-01', 3, 0x31),
(58, 30, '537-65R6', 100, 2, 'III/G/9.5', '2017-12-01', 3, 0x31),
(59, 31, '265-18J2', 100, 20, 'I/H/1.10', '2017-12-01', 3, 0x30),
(60, 31, '707-65X8', 250, 10, 'I/E/3.7', '2017-12-01', 3, 0x30),
(61, 31, '808-28R3', 500, 25, 'III/E/7.5', '2017-12-01', 3, 0x31),
(62, 32, '993-06P6', 100, 28, 'I/I/12.3', '2017-12-01', 3, 0x31),
(63, 33, '502-35z4', 100, 5, 'IV/I/11.4', '2017-12-01', 3, 0x31),
(64, 33, '207-11D7', 250, 29, 'II/J/5.6', '2017-12-01', 3, 0x31),
(65, 34, '900-36E7', 100, 6, 'III/B/3.10', '2017-12-01', 3, 0x31),
(66, 35, '715-13A4', 100, 25, 'II/H/10.1', '2017-12-01', 3, 0x31),
(67, 35, '611-87M8', 250, 15, 'I/I/6.3', '2017-12-01', 3, 0x31),
(68, 36, '045-82T1', 100, 4, 'II/D/3.2', '2017-12-01', 3, 0x31),
(69, 36, '617-34P4', 250, 0, 'I/F/4.5', '2017-12-01', 3, 0x31),
(70, 36, '516-31Y2', 500, 5, 'II/D/9.8', '2017-12-01', 3, 0x31),
(71, 37, '558-76P4', 100, 4, 'II/D/5.10', '2017-12-01', 3, 0x31),
(72, 38, '899-34T1', 100, 31, 'II/K/2.3', '2017-12-01', 3, 0x30),
(73, 38, '828-05X2', 250, 27, 'II/B/9.7', '2017-12-01', 3, 0x30),
(74, 38, '048-39F3', 500, 17, 'II/F/4.4', '2017-12-01', 3, 0x31),
(75, 39, '150-96K6', 100, 18, 'IV/E/3.9', '2017-12-01', 3, 0x31),
(76, 39, '383-82S5', 250, 24, 'III/B/2.1', '2017-12-01', 3, 0x30),
(77, 39, '945-75S2', 500, 1, 'I/D/5.3', '2017-12-01', 3, 0x31),
(78, 40, '245-41D1', 100, 29, 'III/A/9.1', '2017-12-01', 3, 0x31),
(79, 41, '044-99R4', 100, 7, 'I/C/11.6', '2017-12-01', 3, 0x31),
(80, 41, '025-95F4', 250, 11, 'II/C/9.10', '2017-12-01', 3, 0x30),
(81, 41, '707-50N0', 500, 15, 'IV/H/11.5', '2017-12-01', 3, 0x31),
(82, 42, '793-35O5', 100, 4, 'III/B/2.2', '2017-12-01', 3, 0x30),
(83, 42, '137-27z0', 250, 28, 'II/F/7.3', '2017-12-01', 3, 0x31),
(84, 43, '005-64G8', 100, 22, 'II/K/11.2', '2017-12-01', 3, 0x31),
(85, 43, '363-54W6', 250, 26, 'I/C/6.2', '2017-12-01', 3, 0x31),
(86, 44, '434-71F0', 100, 15, 'I/B/6.7', '2017-12-01', 3, 0x30),
(87, 45, '407-35N7', 100, 8, 'I/K/2.4', '2017-12-01', 3, 0x31),
(88, 45, '698-05z9', 250, 11, 'II/J/3.8', '2017-12-01', 3, 0x30),
(89, 45, '485-10U0', 500, 23, 'II/A/6.2', '2017-12-01', 3, 0x31),
(90, 46, '522-56U5', 100, 10, 'II/D/2.10', '2017-12-01', 3, 0x31),
(91, 46, '860-15N5', 250, 4, 'IV/I/12.9', '2017-12-01', 3, 0x31),
(92, 46, '393-93W9', 500, 0, 'II/B/2.4', '2017-12-01', 3, 0x31),
(93, 47, '403-20D1', 100, 3, 'I/D/12.10', '2017-12-01', 3, 0x31),
(94, 48, '864-36H4', 100, 18, 'I/G/12.3', '2017-12-01', 3, 0x31),
(95, 49, '449-79N0', 100, 2, 'III/F/11.8', '2017-12-01', 3, 0x31),
(96, 49, '180-93F8', 250, 5, 'IV/H/10.8', '2017-12-01', 3, 0x31),
(97, 50, '807-27C5', 100, 22, 'III/D/3.1', '2017-12-01', 3, 0x31),
(98, 50, '070-94W1', 250, 8, 'IV/K/8.7', '2017-12-01', 3, 0x31),
(99, 51, '467-10R0', 100, 6, 'I/I/4.2', '2017-12-01', 3, 0x31),
(100, 52, '517-73C8', 100, 12, 'III/H/5.9', '2017-12-01', 3, 0x31),
(101, 52, '210-16Q8', 250, 3, 'I/J/2.2', '2017-12-01', 3, 0x31),
(102, 53, '772-62E5', 100, 24, 'III/C/11.4', '2017-12-01', 3, 0x30),
(103, 54, '080-71N7', 100, 2, 'IV/H/9.6', '2017-12-01', 3, 0x30),
(104, 54, '542-65Y9', 250, 0, 'III/F/1.2', '2017-12-01', 3, 0x31),
(105, 55, '457-33Q4', 100, 1, 'I/I/4.1', '2017-12-01', 3, 0x30),
(106, 55, '377-69S3', 250, 0, 'II/D/8.3', '2017-12-01', 3, 0x31),
(107, 56, '334-06K8', 100, 8, 'III/C/5.4', '2017-12-01', 3, 0x30),
(108, 57, '415-24C6', 100, 9, 'IV/J/2.5', '2017-12-01', 3, 0x31),
(109, 57, '612-10Y6', 250, 2, 'III/I/9.7', '2017-12-01', 3, 0x31),
(110, 58, '115-25V9', 100, 17, 'I/I/5.8', '2017-12-01', 3, 0x31),
(111, 58, '305-59F0', 250, 7, 'I/D/1.4', '2017-12-01', 3, 0x31),
(112, 58, '238-37P8', 500, 3, 'III/B/4.6', '2017-12-01', 3, 0x31),
(113, 59, '409-47G7', 100, 8, 'I/B/3.8', '2017-12-01', 3, 0x31),
(114, 59, '679-85Y1', 250, 18, 'III/I/10.10', '2017-12-01', 3, 0x31),
(115, 60, '189-20L5', 100, 18, 'I/B/11.3', '2017-12-01', 3, 0x31),
(116, 60, '792-61z1', 250, 5, 'II/F/4.8', '2017-12-01', 3, 0x31),
(117, 60, '307-31M0', 500, 9, 'III/E/1.10', '2017-12-01', 3, 0x31),
(118, 61, '905-80H8', 100, 12, 'III/D/1.7', '2017-12-01', 3, 0x30),
(119, 61, '677-36L4', 250, 2, 'II/C/10.2', '2017-12-01', 3, 0x31),
(120, 62, '796-10U6', 100, 8, 'II/H/12.5', '2017-12-01', 3, 0x31),
(121, 63, '543-57B4', 100, 14, 'IV/D/5.4', '2017-12-01', 3, 0x31),
(122, 64, '601-20D3', 100, 23, 'II/F/9.10', '2017-12-01', 3, 0x31),
(123, 64, '396-01J5', 250, 13, 'IV/J/3.4', '2017-12-01', 3, 0x31),
(124, 64, '721-38T0', 500, 25, 'III/E/8.8', '2017-12-01', 3, 0x31),
(125, 65, '971-98V4', 100, 2, 'II/B/3.3', '2017-12-01', 3, 0x30),
(126, 66, '472-88N3', 100, 1, 'III/K/8.10', '2017-12-01', 3, 0x30),
(127, 67, '751-37B5', 100, 20, 'III/K/6.6', '2017-12-01', 3, 0x31),
(128, 67, '779-15U8', 250, 11, 'IV/C/9.10', '2017-12-01', 3, 0x30),
(129, 67, '991-12W8', 500, 19, 'II/J/1.9', '2017-12-01', 3, 0x31),
(130, 68, '680-24G4', 100, 21, 'II/H/11.1', '2017-12-01', 3, 0x31),
(131, 68, '148-34K8', 250, 4, 'III/F/8.7', '2017-12-01', 3, 0x31),
(132, 68, '643-89H0', 500, 29, 'I/H/5.3', '2017-12-01', 3, 0x31),
(133, 69, '316-71L5', 100, 18, 'II/E/7.9', '2017-12-01', 3, 0x31),
(134, 69, '923-65A2', 250, 30, 'IV/A/6.2', '2017-12-01', 3, 0x31),
(135, 70, '899-24X9', 100, 11, 'IV/E/5.8', '2017-12-01', 3, 0x31),
(136, 70, '112-33J1', 250, 13, 'IV/D/10.8', '2017-12-01', 3, 0x31),
(137, 71, '813-03U2', 100, 28, 'IV/H/8.4', '2017-12-01', 3, 0x30),
(138, 71, '277-08S7', 250, 3, 'IV/F/12.9', '2017-12-01', 3, 0x31),
(139, 72, '534-01N3', 100, 0, 'IV/A/4.2', '2017-12-01', 3, 0x30),
(140, 73, '235-86H5', 100, 30, 'II/E/1.5', '2017-12-01', 3, 0x31),
(141, 74, '523-93D6', 100, 23, 'III/G/6.9', '2017-12-01', 3, 0x31),
(142, 74, '276-76U5', 250, 26, 'II/A/3.3', '2017-12-01', 3, 0x31),
(143, 74, '558-00R8', 500, 12, 'II/H/9.4', '2017-12-01', 3, 0x31),
(144, 75, '557-93T6', 100, 10, 'I/I/8.4', '2017-12-01', 3, 0x31),
(145, 75, '110-21R9', 250, 17, 'I/J/7.5', '2017-12-01', 3, 0x31),
(146, 75, '928-09M9', 500, 31, 'IV/D/9.1', '2017-12-01', 3, 0x31),
(147, 76, '724-14T9', 100, 22, 'II/D/6.6', '2017-12-01', 3, 0x31),
(148, 76, '825-62M6', 250, 24, 'II/F/1.9', '2017-12-01', 3, 0x31),
(149, 77, '728-42I1', 100, 7, 'II/G/9.2', '2017-12-01', 3, 0x31),
(150, 77, '720-46J8', 250, 3, 'IV/E/7.5', '2017-12-01', 3, 0x31),
(151, 78, '747-33G3', 100, 7, 'II/E/12.3', '2017-12-01', 3, 0x31),
(152, 79, '599-91S8', 100, 15, 'II/A/6.5', '2017-12-01', 3, 0x31),
(153, 79, '398-29Q1', 250, 11, 'IV/F/3.5', '2017-12-01', 3, 0x30),
(154, 80, '586-54C3', 100, 16, 'IV/E/8.3', '2017-12-01', 3, 0x30),
(155, 80, '321-79W9', 250, 31, 'II/G/2.10', '2017-12-01', 3, 0x31),
(156, 81, '174-75G2', 100, 10, 'III/H/7.10', '2017-12-01', 3, 0x31),
(157, 82, '714-67U8', 100, 2, 'III/I/4.6', '2017-12-01', 3, 0x30),
(158, 82, '422-45W0', 250, 7, 'I/G/12.7', '2017-12-01', 3, 0x31),
(159, 82, '195-92C1', 500, 15, 'I/I/3.1', '2017-12-01', 3, 0x31),
(160, 83, '493-80K2', 100, 31, 'IV/I/8.7', '2017-12-01', 3, 0x31),
(161, 83, '843-53B9', 250, 7, 'I/B/12.4', '2017-12-01', 3, 0x31),
(162, 83, '826-62B6', 500, 23, 'IV/C/2.3', '2017-12-01', 3, 0x30),
(163, 84, '213-38O5', 100, 11, 'III/I/2.1', '2017-12-01', 3, 0x30),
(164, 85, '593-36B5', 100, 16, 'II/B/7.6', '2017-12-01', 3, 0x31),
(165, 85, '491-13N8', 250, 22, 'I/J/9.1', '2017-12-01', 3, 0x31),
(166, 86, '458-51C2', 100, 4, 'I/K/11.6', '2017-12-01', 3, 0x31),
(167, 86, '677-18J5', 250, 1, 'III/A/9.5', '2017-12-01', 3, 0x31),
(168, 87, '294-09N5', 100, 11, 'II/I/4.9', '2017-12-01', 3, 0x31),
(169, 87, '387-29I6', 250, 27, 'III/C/6.1', '2017-12-01', 3, 0x31),
(170, 88, '860-56z3', 100, 19, 'III/D/7.8', '2017-12-01', 3, 0x31),
(171, 89, '497-75G2', 100, 29, 'IV/J/9.2', '2017-12-01', 3, 0x31),
(172, 89, '756-00V2', 250, 25, 'III/E/2.7', '2017-12-01', 3, 0x30),
(173, 90, '714-61C1', 100, 12, 'IV/F/10.5', '2017-12-01', 3, 0x30),
(174, 90, '988-28N6', 250, 20, 'IV/A/10.8', '2017-12-01', 3, 0x31),
(175, 90, '606-35T3', 500, 5, 'III/A/3.4', '2017-12-01', 3, 0x31),
(176, 91, '259-29Y1', 100, 9, 'I/C/3.3', '2017-12-01', 3, 0x31),
(177, 92, '628-68N4', 100, 4, 'II/A/5.5', '2017-12-01', 3, 0x31),
(178, 92, '338-09B8', 250, 27, 'IV/D/4.9', '2017-12-01', 3, 0x31),
(179, 93, '85192-0-86-53', 100, 17, 'III/E/10.8', '2018-01-03', 3, 0x31),
(180, 94, '97993-4-12-12', 100, 15, 'IV/J/7.9', '2018-01-03', 3, 0x31),
(181, 95, '56300-3-46-74', 100, 15, 'I/G/1.1', '2018-01-03', 3, 0x31),
(182, 95, '23132-5-19-61', 250, 25, 'II/J/8.8', '2018-01-03', 3, 0x31),
(183, 96, '02110-8-34-25', 100, 29, 'III/B/7.3', '2018-01-03', 3, 0x31),
(184, 97, '61611-9-43-39', 100, 18, 'I/I/3.8', '2018-01-03', 3, 0x31),
(185, 97, '95791-1-47-89', 250, 30, 'I/D/8.6', '2018-01-03', 3, 0x31),
(186, 98, '39509-9-26-86', 100, 30, 'IV/E/7.4', '2018-01-03', 3, 0x31),
(187, 99, '19543-5-68-31', 100, 0, 'II/K/10.4', '2018-01-03', 3, 0x31),
(188, 99, '04216-0-64-22', 250, 14, 'III/A/6.5', '2018-01-03', 3, 0x31),
(189, 99, '03460-5-93-82', 500, 21, 'III/C/6.9', '2018-01-03', 3, 0x30),
(190, 100, '73010-2-12-02', 100, 2, 'I/C/11.9', '2018-01-03', 3, 0x31),
(191, 100, '41637-9-55-92', 250, 13, 'II/K/2.8', '2018-01-03', 3, 0x31),
(192, 101, '92134-0-03-39', 100, 9, 'IV/C/9.4', '2018-01-03', 3, 0x31),
(193, 101, '98226-8-78-51', 250, 23, 'IV/I/4.10', '2018-01-03', 3, 0x31),
(194, 102, '52574-9-15-94', 100, 0, 'I/H/8.6', '2018-01-03', 3, 0x31),
(195, 102, '50351-9-04-37', 250, 9, 'II/C/8.1', '2018-01-03', 3, 0x31),
(196, 103, '26480-4-80-76', 100, 13, 'IV/G/12.6', '2018-01-03', 3, 0x31),
(197, 103, '81259-4-62-04', 250, 21, 'III/J/4.4', '2018-01-03', 3, 0x31),
(198, 103, '93491-2-55-44', 500, 14, 'II/H/9.8', '2018-01-03', 3, 0x30),
(199, 104, '13484-9-70-27', 100, 19, 'IV/C/4.4', '2018-01-03', 3, 0x31),
(200, 104, '07245-0-56-61', 250, 14, 'I/E/7.4', '2018-01-03', 3, 0x31),
(201, 104, '89798-5-53-79', 500, 28, 'III/K/9.3', '2018-01-03', 3, 0x31),
(202, 105, '85943-1-07-71', 100, 10, 'III/H/8.7', '2018-01-03', 3, 0x31),
(203, 106, '02545-5-28-76', 100, 5, 'I/I/12.9', '2018-01-03', 3, 0x31),
(204, 106, '05942-4-76-10', 250, 12, 'I/J/1.4', '2018-01-03', 3, 0x31),
(205, 106, '10796-5-30-66', 500, 19, 'III/J/9.1', '2018-01-03', 3, 0x31),
(206, 107, '26169-6-55-82', 100, 13, 'I/B/12.8', '2018-01-03', 3, 0x31),
(207, 107, '99719-5-41-97', 250, 18, 'IV/B/10.5', '2018-01-03', 3, 0x31),
(208, 108, '76325-1-31-38', 100, 10, 'IV/K/7.8', '2018-01-03', 3, 0x30),
(209, 109, '97205-6-29-72', 100, 2, 'III/E/1.9', '2018-01-03', 3, 0x31),
(210, 110, '32304-7-30-57', 100, 3, 'I/K/3.9', '2018-01-03', 3, 0x30),
(211, 110, '88671-1-01-27', 250, 30, 'II/F/12.9', '2018-01-03', 3, 0x31),
(212, 110, '69145-2-49-90', 500, 1, 'IV/B/10.9', '2018-01-03', 3, 0x30),
(213, 111, '76115-8-22-27', 100, 22, 'IV/A/7.6', '2018-01-03', 3, 0x30),
(214, 112, '59044-5-46-81', 100, 2, 'I/K/6.10', '2018-01-03', 3, 0x30),
(215, 112, '17373-0-18-13', 250, 17, 'IV/B/12.6', '2018-01-03', 3, 0x31),
(216, 113, '52897-2-06-47', 100, 22, 'IV/J/11.8', '2018-01-03', 3, 0x31),
(217, 114, '25812-0-96-59', 100, 19, 'III/B/6.3', '2018-01-03', 3, 0x31),
(218, 115, '34208-3-47-01', 100, 9, 'IV/C/1.8', '2018-01-03', 3, 0x31),
(219, 116, '27075-2-00-98', 100, 3, 'III/A/10.10', '2018-01-03', 3, 0x31),
(220, 116, '85380-4-13-41', 250, 31, 'III/H/4.9', '2018-01-03', 3, 0x30),
(221, 116, '22150-2-82-20', 500, 28, 'III/D/2.1', '2018-01-03', 3, 0x31),
(222, 117, '23445-7-85-63', 100, 12, 'I/E/5.7', '2018-01-03', 3, 0x30),
(223, 118, '37636-5-70-60', 100, 17, 'III/A/4.1', '2018-01-03', 3, 0x31),
(224, 119, '49437-4-30-49', 100, 13, 'I/I/8.3', '2018-01-03', 3, 0x31),
(225, 119, '07269-5-77-38', 250, 22, 'II/J/7.1', '2018-01-03', 3, 0x31),
(226, 120, '09748-6-32-32', 100, 19, 'II/A/11.5', '2018-01-03', 3, 0x31),
(227, 120, '99489-4-81-60', 250, 27, 'IV/A/2.9', '2018-01-03', 3, 0x30),
(228, 121, '47641-2-19-45', 100, 11, 'I/E/5.10', '2018-01-03', 3, 0x31),
(229, 122, '96546-5-06-88', 100, 25, 'III/C/3.4', '2018-01-03', 3, 0x31),
(230, 122, '16078-8-73-85', 250, 28, 'III/K/3.7', '2018-01-03', 3, 0x30),
(231, 122, '51224-6-82-68', 500, 9, 'II/D/6.2', '2018-01-03', 3, 0x31),
(232, 123, 'MGS-9410-816', 100, 1, 'III/G/8.6', '2018-03-22', 3, 0x31),
(233, 124, 'zCz-0258-810', 100, 17, 'II/A/5.4', '2018-03-22', 3, 0x31),
(234, 124, 'MMz-9900-142', 250, 0, 'IV/G/1.2', '2018-03-22', 3, 0x31),
(235, 124, 'DKM-0492-791', 500, 9, 'I/F/6.2', '2018-03-22', 3, 0x31),
(236, 125, 'DCE-6298-076', 100, 30, 'III/A/3.2', '2018-03-22', 3, 0x30),
(237, 125, 'VHQ-9214-220', 250, 26, 'IV/K/9.10', '2018-03-22', 3, 0x31),
(238, 125, 'TCL-9018-450', 500, 19, 'II/D/3.9', '2018-03-22', 3, 0x30),
(239, 126, 'GQE-4330-693', 100, 8, 'I/A/2.1', '2018-03-22', 3, 0x31),
(240, 127, 'TzU-2874-132', 100, 15, 'I/K/1.2', '2018-03-22', 3, 0x30),
(241, 127, 'RRB-8636-431', 250, 24, 'III/D/7.9', '2018-03-22', 3, 0x31),
(242, 127, 'SMM-8194-972', 500, 1, 'I/F/6.10', '2018-03-22', 3, 0x31),
(243, 128, 'EKM-0713-239', 100, 22, 'II/K/6.5', '2018-03-22', 3, 0x31),
(244, 129, 'WTG-1033-598', 100, 3, 'II/F/2.2', '2018-03-22', 3, 0x31),
(245, 130, 'YIC-5707-994', 100, 8, 'III/G/1.6', '2018-03-22', 3, 0x30),
(246, 130, 'UIR-2867-064', 250, 2, 'III/G/5.8', '2018-03-22', 3, 0x31),
(247, 131, 'KMD-4707-411', 100, 30, 'I/K/5.8', '2018-03-22', 3, 0x31),
(248, 132, 'SVL-1625-083', 100, 29, 'I/E/7.8', '2018-03-22', 3, 0x31),
(249, 132, 'QEO-3302-976', 250, 15, 'IV/K/10.1', '2018-03-22', 3, 0x31),
(250, 133, 'YQX-2972-548', 100, 22, 'IV/D/10.7', '2018-03-22', 3, 0x31),
(251, 133, 'MHF-2226-553', 250, 30, 'III/I/1.2', '2018-03-22', 3, 0x31),
(252, 133, 'QFL-9837-338', 500, 30, 'I/G/2.5', '2018-03-22', 3, 0x30),
(253, 134, 'ONL-8076-937', 100, 16, 'IV/F/10.4', '2018-03-22', 3, 0x31),
(254, 134, 'JEC-3740-589', 250, 11, 'II/F/1.4', '2018-03-22', 3, 0x30),
(255, 134, 'CWF-5645-479', 500, 16, 'III/C/8.9', '2018-03-22', 3, 0x31),
(256, 135, 'MFz-3511-480', 100, 5, 'II/E/6.3', '2018-03-22', 3, 0x31),
(257, 135, 'OSQ-5808-566', 250, 24, 'IV/E/5.3', '2018-03-22', 3, 0x31),
(258, 136, 'TzV-3657-008', 100, 14, 'II/B/5.5', '2018-03-22', 3, 0x31),
(259, 137, 'QWE-5743-478', 100, 12, 'II/A/6.9', '2018-03-22', 3, 0x31),
(260, 138, 'RNM-0918-471', 100, 13, 'I/F/4.3', '2018-03-22', 3, 0x31),
(261, 139, 'TJX-7045-986', 100, 11, 'IV/A/5.7', '2018-03-22', 3, 0x31),
(262, 140, 'SzT-2673-092', 100, 28, 'I/C/8.2', '2018-03-22', 3, 0x31),
(263, 141, 'TLD-3609-004', 100, 16, 'III/I/11.9', '2018-03-22', 3, 0x30),
(264, 141, 'MOI-9806-660', 250, 6, 'III/I/8.1', '2018-03-22', 3, 0x31),
(265, 141, 'GDP-1260-972', 500, 19, 'I/I/5.2', '2018-03-22', 3, 0x31),
(266, 142, 'JUB-7606-857', 100, 18, 'IV/D/4.5', '2018-03-22', 3, 0x31);

-- --------------------------------------------------------

--
-- Tábla szerkezet ehhez a táblához `raktminoseg`
--

CREATE TABLE `raktminoseg` (
  `termek_min_id` int(10) UNSIGNED NOT NULL,
  `termek_nev` varchar(30) COLLATE utf8_hungarian_ci NOT NULL,
  `beszallito_id` varchar(30) COLLATE utf8_hungarian_ci NOT NULL,
  `termek_leir` varchar(100) COLLATE utf8_hungarian_ci DEFAULT NULL,
  `termek_egyseg` varchar(15) COLLATE utf8_hungarian_ci NOT NULL,
  `termek_veszely` int(10) UNSIGNED NOT NULL,
  `termek_biztons` varchar(60) COLLATE utf8_hungarian_ci NOT NULL,
  `termek_midatum` date DEFAULT NULL,
  `termek_mimodosit` int(11) DEFAULT NULL,
  `termek_mierveny` binary(1) DEFAULT NULL
) ENGINE=InnoDB DEFAULT CHARSET=utf8 COLLATE=utf8_hungarian_ci;

--
-- A tábla adatainak kiíratása `raktminoseg`
--

INSERT INTO `raktminoseg` (`termek_min_id`, `termek_nev`, `beszallito_id`, `termek_leir`, `termek_egyseg`, `termek_veszely`, `termek_biztons`, `termek_midatum`, `termek_mimodosit`, `termek_mierveny`) VALUES
(1, '1-3-Dioxolán', 'novochem', 'Kémiai színtézek', 'mililiter', 2, '1-3 Dioxolan.pdf', '2019-01-27', 1, 0x31),
(2, '1-4 Dioxán', 'novochem', 'Kémiai szintézisek', 'mililiter', 4, '1-4 Dioxan stab.pdf', '2012-01-01', 3, 0x31),
(3, '1-Butanol', 'novochem', 'Általános vegyszer, színtzétishez', 'mililiter', 4, '1 butanol.pdf', '2012-01-01', 3, 0x31),
(4, '2-Butanol', 'novochem', 'Általános vegyszer, színtzétishez', 'mililiter', 4, '2 butanol.pdf', '2012-01-01', 3, 0x31),
(5, '2-Etil-Hexanol', 'novochem', 'Kémiai tisztítás', 'mililiter', 4, '2-Etil-hexanol.pdf', '2012-01-01', 3, 0x31),
(6, '2-Etil-Hexánsav', 'novochem', 'Kémiai szintézisek', 'mililiter', 1, '2-Etil-hexansav.pdf', '2012-01-01', 3, 0x31),
(7, '2-Etoxi-Etanol', 'novochem', 'Etilén-glikol-Monoetil-éter, reagens', 'mililiter', 10, '2-Etoxietanol.pdf', '2012-01-01', 4, 0x31),
(8, 'Metil-Butanol', 'novochem', '3-Metil-Butan-1-ol, oldószer', 'mililiter', 5, '3-Metil-butanol-1.pdf', '2012-01-01', 1, 0x31),
(9, 'Aceton', 'novochem', 'Oldószer', 'mililiter', 4, 'Aceton.pdf', '2012-01-01', 1, 0x31),
(10, 'Alumínium-hidroxid', 'novochem', 'Katalizátor, pigment, töltőanyag', 'gramm', 0, 'Aluminium-hidroxid.pdf', '2012-01-01', 4, 0x31),
(11, 'Alumínium-oxid', 'novochem', 'Kémiai intermedier', 'gramm', 0, 'Aluminium-oxid.pdf', '2012-01-01', 3, 0x31),
(12, 'Ammónium molibdenát', 'novochem', 'Kémiai színtézek', 'gramm', 0, 'Ammonium molibdenat.pdf', '2012-01-01', 3, 0x31),
(13, 'Ammónium-nitrát', 'novochem', 'Speciális növényi tápanyag', 'gramm', 2, 'Ammonium nitrat 34sz.pdf', '2012-01-01', 3, 0x31),
(14, 'Ammónium-hidroxid', 'novochem', 'Kémiai segédanyag', 'mililiter', 6, 'Ammonium-hidroxid.pdf', '2012-01-01', 3, 0x31),
(15, 'Ammónium-klorid', 'novochem', 'Kémiai segédanyag', 'mililiter', 2, 'Ammonium-klorid.pdf', '2012-01-01', 3, 0x31),
(16, 'Ammónium-molibdát', 'novochem', 'Ammónium-molibdát-tetrahidrát, Növényi tápanyag, katalizátor', 'gramm', 3, 'Ammonium-molibdat.pdf', '2012-01-01', 3, 0x31),
(17, 'Ammónium-perszulfát', 'novochem', 'Oxidálószer, polimerizáció iniciátor', 'gramm', 7, 'Ammonium-perszulfat.pdf', '2012-01-01', 3, 0x31),
(18, 'Aszkorbinsav', 'novochem', 'Anyagcsere intermedier', 'gramm', 0, 'Aszkorbinsav.pdf', '2012-01-01', 3, 0x31),
(19, 'Bárium-karbonát', 'novochem', 'Vegyipari szítézisek, kerámiaipar, üvegipar', 'gramm', 1, 'Barium-karbonat.pdf', '2012-01-01', 4, 0x31),
(20, 'Benzoesav', 'novochem', 'Ipari adalék, tartosítószer', 'gramm', 3, 'Benzoesav.pdf', '2012-01-01', 4, 0x31),
(21, 'Bórax dekahidrát', 'novochem', 'Nátrium-tetraborát-dekahidrát, ipari adalék', 'gramm', 0, 'Borax dekahidrat.pdf', '2012-01-01', 4, 0x31),
(22, 'Bórsav', 'novochem', 'Biocid, komplexképző, műtrágya, pH stabilizátor', 'gramm', 1, 'Borsav.pdf', '2012-01-01', 3, 0x31),
(23, 'Butil-hidroxi-toluol', 'novochem', 'Élelmiszer és gyógyszeripari reagens', 'gramm', 1, 'Butil-hidroxi-toluol.pdf', '2012-01-01', 3, 0x31),
(24, 'Cink-klorid', 'novochem', 'Vízmentes! Felületaktív anyag, fagyásgátló', 'gramm', 4, 'Cink-klorid.pdf', '2012-01-01', 3, 0x31),
(25, 'Cink-oxid', 'novochem', 'Gyógyszeradalék', 'gramm', 1, 'Cink-oxid.pdf', '2012-01-01', 3, 0x31),
(26, 'Cink-szulfát monohidrát', 'novochem', 'Szintézis intermedier', 'gramm', 4, 'Cink-szulfat monohidrat.pdf', '2012-01-01', 3, 0x31),
(27, 'Citromsav monohidrát', 'novochem', 'Élelmiszergyártás, tisztítószer', 'gramm', 1, 'Citromsav monohidrat.pdf', '2012-01-01', 3, 0x31),
(28, 'Diaceton-alkohol', 'novochem', 'Szerveskémiai intermedier, oldószer', 'mililiter', 2, 'Diaceton-alkohol.pdf', '2012-01-01', 3, 0x31),
(29, 'Diammónium-hidrogén-foszfát', 'novochem', 'Élelmiszeripari felhaználás', 'mililiter', 0, 'Diammonium-hidrogen-foszfat.pdf', '2012-01-01', 3, 0x31),
(30, 'Dietil-éter', 'novochem', 'Szervesipari oldószer', 'mililiter', 3, 'Dietil-eter.pdf', '2012-01-01', 3, 0x31),
(31, 'Diklór-metán', 'novochem', 'Szervesipari oldószer', 'mililiter', 4, 'Diklor-metan.pdf', '2012-01-01', 3, 0x31),
(32, 'Dimetil-etanolamin', 'novochem', '(N,N)2-Dimetilaminoetanol; vegyipari színtézisekhez', 'mililiter', 6, 'Dimetiletanolamin S.pdf', '2012-01-01', 3, 0x31),
(33, 'Ecetsav', 'novochem', 'Tisztítószer, szerves oldószer', 'mililiter', 2, 'Ecetsav.pdf', '2012-01-01', 3, 0x31),
(34, 'EDTA', 'novochem', 'EDTA-dinátrium, vegyi alapanyag', 'gramm', 4, 'EDTA.pdf', '2012-01-01', 3, 0x31),
(35, 'Etil-acetát', 'novochem', 'Ipari oldószer', 'mililiter', 3, 'Etil-acetat.pdf', '2012-01-01', 3, 0x31),
(36, 'Etil-diglikol', 'novochem', 'Oldószer', 'mililiter', 0, 'Etil-diglikol.pdf', '2012-01-01', 3, 0x31),
(37, 'Etilén-glikol', 'novochem', 'Kémiai alapanyag, víztisztítószer', 'mililiter', 2, 'Etilen-glikol.pdf', '2012-01-01', 3, 0x31),
(38, 'Fitohorm Standard tápoldat', 'novochem', 'Növényi kallusz-tápanyag', 'mililiter', 0, 'Fitohorm Standard.pdf', '2012-01-01', 3, 0x31),
(39, 'Formaldehid 37%', 'novochem', 'Kémiai oldószer, alapanyag', 'mililiter', 10, 'Formaldehid 37%.pdf', '2012-01-01', 3, 0x31),
(40, 'Foszforsav', 'novochem', 'Vegyi lapanyag', 'mililiter', 1, 'Foszforsav.pdf', '2012-01-01', 3, 0x31),
(41, 'Glicerin', 'novochem', 'Ipari és gyógyszer-alapanyag', 'mililiter', 0, 'Glicerin.pdf', '2012-01-01', 3, 0x31),
(42, 'Glicin', 'novochem', 'Éelmiszeradalék, aminosav', 'gramm', 0, 'Glicin.pdf', '2012-01-01', 4, 0x31),
(43, 'Hangyasav 40-75%', 'novochem', 'Oldószer, adalék', 'mililiter', 3, 'Hangyasav 40-75%.pdf', '2012-01-01', 1, 0x31),
(44, 'Hidrogén-peroxid 35-50%', 'novochem', 'Fertőtlenítő, oxidálószer', 'mililiter', 5, 'Hidrogen-peroxid 35-50%.pdf', '2012-01-01', 3, 0x31),
(45, 'Izobutanol', 'novochem', 'Oldószer', 'mililiter', 5, 'Izobutanol.pdf', '2012-01-01', 3, 0x31),
(46, 'Izobutil-acetát', 'novochem', 'Oldószer, tisztítószer', 'mililiter', 4, 'Izobutil-acetat.pdf', '2012-01-01', 3, 0x31),
(47, 'Izopropil-alkohol', 'novochem', 'Tisztító és fertőtlenítőszer', 'mililiter', 3, 'Izopropil-alkohol.pdf', '2012-01-01', 3, 0x31),
(48, 'JAR LEMON', 'novochem', 'Tisztítószer', 'mililiter', 2, 'JAR LEMON.pdf', '2012-01-01', 3, 0x31),
(49, 'Kalcium-acetát', 'novochem', 'Gyógysz alapanyag', 'mililiter', 0, 'Kalcium-acetat.pdf', '2012-01-01', 3, 0x31),
(50, 'Kalcium-klorid', 'novochem', 'pH szabályozó', 'gramm', 1, 'Kalcium-klorid.pdf', '2012-01-01', 3, 0x31),
(51, 'Kálium-klorid', 'novochem', 'Növényi tápelem, gyógszeralapanyag', 'gramm', 0, 'Kalium-klorid.pdf', '2012-01-01', 3, 0x31),
(52, 'Kálium-hidroxid', 'novochem', 'Reagens, elektrolit', 'mililiter', 3, 'Kalium-hidroxid.pdf', '2012-01-01', 3, 0x31),
(53, 'Kálium-jodid', 'novochem', 'Vegyipari gyártás', 'gramm', 3, 'Kalium-jodid.pdf', '2012-01-01', 3, 0x31),
(54, 'Kálium-nitrát', 'novochem', 'Növényi tápelem', 'gramm', 2, 'Kalium-nitrat.pdf', '2012-01-01', 3, 0x31),
(55, 'Karbamid 40%', 'novochem', 'Speciális gyanta gyrátásnál', 'mililiter', 0, 'Karbamid 40%.pdf', '2012-01-01', 3, 0x31),
(56, 'Kén', 'novochem', 'Vegyipari nyersanyag', 'gramm', 0, 'Ken.pdf', '2012-01-01', 3, 0x31),
(57, 'Kénsav tömény', 'novochem', 'Oldószer', 'mililiter', 2, 'Kensav tomeny.pdf', '2012-01-01', 3, 0x31),
(58, 'Kloroform', 'novochem', 'Oldószer', 'mililiter', 8, 'Kloroform.pdf', '2012-01-01', 3, 0x31),
(59, 'L-arabinóz', 'novochem', 'Mono-cukor', 'gramm', 0, 'L-arabinoz.pdf', '2012-01-01', 4, 0x31),
(60, 'Lauril alkohol', 'novochem', '1-Dodekanol Alkohol C-12', 'mililiter', 3, 'Lauril alkohol.pdf', '2012-01-01', 3, 0x31),
(61, 'L-Leucin', 'novochem', 'Élelmiszeripari adalék', 'gramm', 0, 'L-Leucin.pdf', '2012-01-01', 3, 0x31),
(62, 'Magnézium-klorid', 'novochem', 'Ipari alapanyag', 'gramm', 0, 'Magnezium-klorid.pdf', '2012-01-01', 4, 0x31),
(63, 'Magnézium-oxid', 'novochem', 'Műtrágya alapanyag, nővényi tápanyag', 'gramm', 0, 'Magnezium-oxid.pdf', '2012-01-01', 1, 0x31),
(64, 'Mangan-dioxid', 'novochem', 'Ipari pigment', 'mililiter', 3, 'Mangan-dioxid.pdf', '2012-01-01', 1, 0x31),
(65, 'Metanol', 'novochem', 'Oldószer', 'mililiter', 5, 'Metanol.pdf', '2012-01-01', 1, 0x31),
(66, 'Metilén-klorid', 'novochem', 'Oldószer', 'mililiter', 6, 'Metilen-klorid.pdf', '2012-01-01', 3, 0x31),
(67, 'Metil-etil-keton', 'novochem', 'Oldószer, növényvédőszer alapanyag', 'mililiter', 3, 'Metil-etil-keton.pdf', '2012-01-01', 3, 0x31),
(68, 'Monoammónium-dihidrogén-foszfá', 'novochem', 'Műtárgya alapanyag', 'gramm', 0, 'Monoammonium-dihidrogen-foszfat.pdf', '2012-01-01', 3, 0x31),
(69, 'Nátrium-klorid', 'novochem', 'Oldószer', 'gramm', 0, 'Natrium klorid.pdf', '2012-01-01', 3, 0x31),
(70, 'Nátrium nitrit 40%', 'novochem', 'Növényi tápanyag', 'mililiter', 3, 'Natrium nitrit 40%.pdf', '2012-01-01', 3, 0x31),
(71, 'Nátrium-benzoát', 'novochem', 'Élelmiszer és vagyipari alapanyag', 'gramm', 0, 'Natrium-benzoat.pdf', '2012-01-01', 3, 0x31),
(72, 'Nátrium-dihidrogén-foszfát', 'novochem', 'Élelmiszer és gyógyszer-alapanyag', 'gramm', 0, 'Natrium-dihidrogen-foszfat.pdf', '2012-01-01', 3, 0x31),
(73, 'Natrium-hidroxid 29-32%', 'novochem', 'Vegyipari alapanyag, pH-szabályozó', 'mililiter', 5, 'Natrium-hidroxid 29-32%.pdf', '2012-01-01', 3, 0x31),
(74, 'Nátrium-nitrit', 'novochem', 'Redukálószer, színezőanyag', 'gramm', 4, 'Natrium-nitrit.pdf', '2012-01-01', 3, 0x31),
(75, 'N-Butanol', 'novochem', 'Oldószer, ipari alapanyag', 'mililiter', 4, 'N-Butanol.pdf', '2012-01-01', 3, 0x31),
(76, 'Perklór-etilén', 'novochem', 'Zsírok oldószere, extrahálószere', 'mililiter', 15, 'Perklor-etilen.pdf', '2012-01-01', 3, 0x31),
(77, 'Piperidine', 'novochem', 'Vegyipari reagens', 'mililiter', 4, 'Piperidine.pdf', '2012-01-01', 3, 0x31),
(78, 'Polietilén-glikol 200', 'novochem', 'Vegyipari alapanyag, vízlágytó', 'mililiter', 0, 'Polietilen-glikol 200.pdf', '2012-01-01', 4, 0x31),
(79, 'Polietilén-glikol 300', 'novochem', 'Vegyipari alapanyag, vízlágytó', 'mililiter', 0, 'Polietilen-glikol 300.pdf', '2012-01-01', 4, 0x31),
(80, 'Polietilén-glikol 400', 'novochem', 'Vegyipari alapanyag, vízlágytó', 'mililiter', 0, 'Polietilen-glikol 400.pdf', '2012-01-01', 4, 0x31),
(81, 'Politetrahidrofurán', 'novochem', 'Vegyipari alapanyag', 'gramm', 1, 'PolyTHF 650S.pdf', '2012-01-01', 3, 0x31),
(82, 'Réz(II)-hidroxid', 'novochem', 'Gombaölőszer alapanyag', 'gramm', 4, 'Rez(II)-hidroxid.pdf', '2012-01-01', 3, 0x31),
(83, 'Réz(II)-klorid dihidrát', 'novochem', 'Vegyipari alapanyag', 'mililiter', 4, 'Rez(II)-klorid dihidrat.pdf', '2012-01-01', 1, 0x31),
(84, 'Salétromsav', 'novochem', 'Vegyipari alapanyag, pH-szabályozó', 'mililiter', 3, 'Saletromsav.pdf', '2012-01-01', 1, 0x31),
(85, 'Sósav', 'novochem', 'Vegyipari alapanyag, pH-szabályozó', 'mililiter', 3, 'Sosav.pdf', '2012-01-01', 1, 0x31),
(86, 'Tejsav', 'novochem', 'Vegyipari alapanyag', 'mililiter', 2, 'Tejsav Lactic acid.pdf', '2012-01-01', 1, 0x31),
(87, 'Toluol', 'novochem', 'Oldószer', 'mililiter', 6, 'Toluol.pdf', '2012-01-01', 1, 0x31),
(88, 'Triklór-etilén', 'novochem', 'Oldószer', 'mililiter', 6, 'Triklor-etilen.pdf', '2012-01-01', 3, 0x31),
(89, 'Trinátrium-foszfát', 'novochem', 'Ipari zsírtalanítószer', 'gramm', 3, 'Trinatrium-foszfat.pdf', '2012-01-01', 4, 0x31),
(90, 'Vas (II)-szulfát', 'novochem', 'Víztisztításhoz', 'gramm', 4, 'Vas (II)-szulfat.pdf', '2019-01-27', 1, 0x30),
(91, 'Vas (III)-klorid', 'novochem', 'Víztisztításhoz, analítikai reagens', 'mililiter', 5, 'Vas (III)-klorid.pdf', '2012-01-01', 4, 0x31),
(92, 'Zetanil', 'novochem', 'Gombaölő permetszer', 'gramm', 4, 'Zetanil.pdf', '2012-01-01', 4, 0x31),
(93, '2-Metil-tetrahidrofurán', 'reanal', 'Oldószer, vegyiprai alapanyag', 'mililiter', 4, 'Metil-tetrahidrofuran.PDF', '2012-01-03', 3, 0x31),
(94, 'Etanol-amin', 'reanal', '2-Amino-etanol', 'mililiter', 5, 'EtanolAmin.PDF', '2012-01-03', 3, 0x31),
(95, 'Butanol', 'reanal', 'Oldószer', 'mililiter', 6, '1-Butanol.PDF', '2012-01-03', 1, 0x31),
(96, 'Dietil-éter', 'reanal', 'Oldószer', 'mililiter', 2, 'DietilEter.PDF', '2012-01-03', 0, 0x31),
(97, 'Etilénglikol', 'reanal', 'Etán-1,2-diol, Oldószer', 'mililiter', 2, 'Etilenglikol02.PDF', '2012-01-03', 1, 0x31),
(98, 'Glicerin', 'reanal', 'Ipari és gyógyszer-alapanyag', 'mililiter', 0, 'Glicerin02.PDF', '2012-01-03', 1, 0x31),
(99, 'Metanol', 'reanal', 'Oldószer', 'mililiter', 5, 'Metanol02.PDF', '2012-01-03', 1, 0x31),
(100, '1,2-Propilén-oxid', 'reanal', 'Oxetán', 'mililiter', 9, 'Oxetan.PDF', '2012-01-03', 1, 0x31),
(101, 'Propán-2-ol', 'reanal', 'Oldószer', 'mililiter', 9, 'Propan-2-ol.PDF', '2012-01-03', 1, 0x31),
(102, 'Dikálium-hidrogén-foszfát', 'reanal', 'Dikálium-hidrogén-foszfát-3-hidrát', 'gramm', 0, 'DiKalium-hidrogen-foszfat.PDF', '2012-01-03', 1, 0x31),
(103, 'Kalcium-hidrogen-foszfát', 'reanal', 'Kalcium-hidrogen-foszfát 2-hidrát', 'gramm', 0, 'Kalcium-hidrogen-foszfat.PDF', '2012-01-03', 1, 0x31),
(104, 'Kalcium-klorid', 'reanal', 'Kalcium-klorid 2-hidrát', 'gramm', 1, 'Kalcium-klorid02.PDF', '2012-01-03', 1, 0x31),
(105, 'Kálium-dihidrogén-foszfát', 'reanal', 'pH szabályozó', 'gramm', 0, 'Kalium-dihidrogen-foszfat.PDF', '2012-01-03', 1, 0x31),
(106, 'Kálium-jodid', 'reanal', 'Vegyipari adalék', 'gramm', 1, 'Kalium-jodid02.PDF', '2012-01-03', 3, 0x31),
(107, 'Kálium-jodát', 'reanal', 'Vegyipari adalék', 'gramm', 5, 'Kalium-jodat.PDF', '2012-01-03', 3, 0x31),
(108, 'Kálium-klorid', 'reanal', 'Vegyipari adalék', 'gramm', 0, 'Kalium-klorid02.PDF', '2012-01-03', 3, 0x31),
(109, 'Kálium-nitrit', 'reanal', 'Vegyipari adalék', 'gramm', 3, 'Kalium-nitrit.PDF', '2012-01-03', 3, 0x31),
(110, 'Kálium-nitrát', 'reanal', 'Vegyipari adalék', 'mililiter', 1, 'Kalium-nitrat02.PDF', '2012-01-03', 3, 0x31),
(111, 'Kálium-perklorát', 'reanal', 'Vegyipari adalék', 'gramm', 2, 'Kalium-perklorat.PDF', '2012-01-03', 3, 0x31),
(112, 'Kálium-perszulfát', 'reanal', 'Vegyipari adalék', 'gramm', 7, 'Kalium-perszulfat.PDF', '2012-01-03', 3, 0x31),
(113, 'Kálium-permanganát', 'reanal', 'Oxidálószer, vegyipari adalék', 'gramm', 3, 'Kalium-permanganat.pdf', '2012-01-03', 3, 0x31),
(114, 'Kálium-pirofoszfát', 'reanal', 'Vegyipari adalék', 'gramm', 0, 'Kalium-pirofoszfat.PDF', '2012-01-03', 3, 0x31),
(115, 'Kálium-szulfát', 'reanal', 'Vegyipari adalék', 'gramm', 0, 'Kalium-szulfat.PDF', '2012-01-03', 3, 0x31),
(116, 'Lítium-klorid', 'reanal', 'Vízmentes, vegyipari adalék', 'gramm', 3, 'Litium-klorid.PDF', '2012-01-03', 4, 0x31),
(117, 'Magnézium-klorid', 'reanal', 'Magnézium-klorid 6-hidrát, vegyipari adalék', 'mililiter', 0, 'Magnezium-klorid02.PDF', '2012-01-03', 3, 0x31),
(118, 'Di-Nátrium-hidrogén-foszfát', 'reanal', 'Di-Nátrium-hidrogén-foszfát 12-hidrát, pH szabályozó', 'gramm', 0, 'DiNatrium-hidrogen-foszfat.PDF', '2012-01-03', 3, 0x31),
(119, 'Nátrium-dihidrogén-foszfát', 'reanal', 'Nátrium-dihidrogén-foszfát 1víz, vegyipari adalék', 'gramm', 0, 'Natrium-hidrogen-karbonat.PDF', '2012-01-03', 3, 0x31),
(120, 'Nátrium-hidrogén-karbonát', 'reanal', 'Vegyipari adalék', 'gramm', 0, 'Natrium-hidrogen-karbonat.PDF', '2012-01-03', 3, 0x31),
(121, 'Nátrium-nitrát', 'reanal', 'Vegyipari adalék', 'gramm', 2, 'Natrium-nitrat.PDF', '2012-01-03', 3, 0x31),
(122, 'Nátrium-peroxid', 'reanal', 'Vegyipari adalék', 'gramm', 3, 'Natrium-peroxid.PDF', '2012-01-03', 3, 0x31),
(123, 'Szulfursav', 'reanal', 'Vegyipari adalék', 'mililiter', 2, 'Szulfursav.PDF', '2012-01-03', 3, 0x31),
(124, 'Aceton', 'chemoker', 'Vegyipari oldószer', 'mililiter', 4, 'aceton02.pdf', '2012-02-03', 3, 0x31),
(125, 'Ammónim-nitrát', 'chemoker', 'Vegyipari adalék', 'gramm', 1, 'ammonium_nitrat.pdf', '2012-02-03', 3, 0x31),
(126, 'Ammónium-acetát', 'chemoker', 'Vegyipari adalék', 'gramm', 0, 'ammonium_acetat.pdf', '2012-02-03', 3, 0x31),
(127, 'Aszkorbinsav', 'chemoker', 'L(+)-Aszkorbinsav', 'gramm', 4, 'aszkorbinsav02.pdf', '2012-02-03', 3, 0x31),
(128, 'Ecetsav', 'chemoker', 'Ecetsav 98-100%, vegyipari oldószer', 'mililiter', 2, 'ecetsav02.pdf', '2012-02-03', 3, 0x31),
(129, 'Éter', 'chemoker', 'Dietil-éter vegyipari oldószer', 'mililiter', 5, 'eter.pdf', '2012-02-03', 1, 0x31),
(130, 'Etanol', 'chemoker', 'Etil-alkohol, 96%, vegyipari oldószer', 'mililiter', 1, 'etilalkohol.pdf', '2012-02-03', 3, 0x31),
(131, 'Dinátrium-foszfát', 'chemoker', 'Vegyipari pH szabályozó', 'gramm', 0, 'dinatrium_hidrogenfoszfat.pdf', '2012-02-03', 4, 0x31),
(132, 'Foszforsav', 'chemoker', 'Vegyipari oldószer', 'mililiter', 1, 'foszforsav02.pdf', '2012-02-03', 4, 0x31),
(133, 'Formaldehid', 'chemoker', 'Vegyipari oldószer', 'mililiter', 9, 'formaldehid.pdf', '2012-02-03', 3, 0x31),
(134, 'Kálium-dihidrogén-foszfát', 'chemoker', 'Vegyipari pH szabályozó', 'gramm', 0, 'kalium_dihidrogenfoszfat.pdf', '2012-02-03', 3, 0x31),
(135, 'Metanol', 'chemoker', 'Vegyipari oldószer', 'mililiter', 5, 'metilalkohol.pdf', '2012-02-03', 3, 0x31),
(136, 'Hidrogán-peroxid', 'chemoker', 'Fertőtlenítőszer 30-35%', 'mililiter', 4, 'hidrogen_peroxid.pdf', '2012-02-03', 3, 0x31),
(137, 'Nátrium-dihidrogén-foszfát', 'chemoker', 'Vegyipari pH szabályozó', 'gramm', 0, 'natrium_dihidrogenfoszfat.pdf', '2012-02-03', 3, 0x31),
(138, 'Nátrium-hidrogén-karbonát', 'chemoker', 'Vegyipari oldószer', 'gramm', 0, 'natrium_hidrogenkarbonat.pdf', '2012-02-03', 3, 0x31),
(139, 'Salétromsav', 'chemoker', '65% töménység, vegyipari sav', 'mililiter', 4, 'saletromsav02.pdf', '2012-02-03', 4, 0x31),
(140, 'Sósav', 'chemoker', 'HCl 30-33%, vegyipari sav', 'mililiter', 3, 'sosav02.pdf', '2012-02-03', 3, 0x31),
(141, 'Palmitinsav', 'chemoker', 'Hexadekánsav >98%', 'gramm', 0, 'palmitinsav.pdf', '2012-02-03', 3, 0x31),
(142, 'Tejsav', 'chemoker', 'Vegyipari adalék', 'mililiter', 3, 'tejsav.pdf', '2012-02-03', 1, 0x31),
(143, 'Toluol', 'chemoker', 'Vegyipari oldószer', 'mililiter', 6, 'toluol02.pdf', '2012-02-03', 1, 0x31),
(144, 'pocokírtó', 'chemoker', 'szar, ne egyed', 'gramm', 10, 'nemKaja.doc', '2019-01-28', 1, 0x31);

--
-- Indexek a kiírt táblákhoz
--

--
-- A tábla indexei `baleset`
--
ALTER TABLE `baleset`
  ADD PRIMARY KEY (`baleset_id`);

--
-- A tábla indexei `beszallito`
--
ALTER TABLE `beszallito`
  ADD PRIMARY KEY (`beszallito_id`);

--
-- A tábla indexei `beszerzes`
--
ALTER TABLE `beszerzes`
  ADD PRIMARY KEY (`beszerzes_id`);

--
-- A tábla indexei `felhaszn`
--
ALTER TABLE `felhaszn`
  ADD PRIMARY KEY (`user_id`);

--
-- A tábla indexei `felhasznadatok`
--
ALTER TABLE `felhasznadatok`
  ADD PRIMARY KEY (`user_id`);

--
-- A tábla indexei `jogosultsag`
--
ALTER TABLE `jogosultsag`
  ADD PRIMARY KEY (`jog_id`);

--
-- A tábla indexei `keresek`
--
ALTER TABLE `keresek`
  ADD PRIMARY KEY (`keres_id`);

--
-- A tábla indexei `raktmennyiseg`
--
ALTER TABLE `raktmennyiseg`
  ADD PRIMARY KEY (`termek_quant_id`),
  ADD UNIQUE KEY `termek_kod` (`termek_kod`);

--
-- A tábla indexei `raktminoseg`
--
ALTER TABLE `raktminoseg`
  ADD PRIMARY KEY (`termek_min_id`);

--
-- A kiírt táblák AUTO_INCREMENT értéke
--

--
-- AUTO_INCREMENT a táblához `baleset`
--
ALTER TABLE `baleset`
  MODIFY `baleset_id` int(11) NOT NULL AUTO_INCREMENT, AUTO_INCREMENT=4;

--
-- AUTO_INCREMENT a táblához `beszerzes`
--
ALTER TABLE `beszerzes`
  MODIFY `beszerzes_id` int(11) NOT NULL AUTO_INCREMENT, AUTO_INCREMENT=317;

--
-- AUTO_INCREMENT a táblához `felhaszn`
--
ALTER TABLE `felhaszn`
  MODIFY `user_id` int(11) NOT NULL AUTO_INCREMENT, AUTO_INCREMENT=11;

--
-- AUTO_INCREMENT a táblához `keresek`
--
ALTER TABLE `keresek`
  MODIFY `keres_id` int(11) NOT NULL AUTO_INCREMENT, AUTO_INCREMENT=151;

--
-- AUTO_INCREMENT a táblához `raktmennyiseg`
--
ALTER TABLE `raktmennyiseg`
  MODIFY `termek_quant_id` int(11) NOT NULL AUTO_INCREMENT, AUTO_INCREMENT=267;

--
-- AUTO_INCREMENT a táblához `raktminoseg`
--
ALTER TABLE `raktminoseg`
  MODIFY `termek_min_id` int(10) UNSIGNED NOT NULL AUTO_INCREMENT, AUTO_INCREMENT=145;
COMMIT;

/*!40101 SET CHARACTER_SET_CLIENT=@OLD_CHARACTER_SET_CLIENT */;
/*!40101 SET CHARACTER_SET_RESULTS=@OLD_CHARACTER_SET_RESULTS */;
/*!40101 SET COLLATION_CONNECTION=@OLD_COLLATION_CONNECTION */;
