-- phpMyAdmin SQL Dump
-- version 4.7.4
-- https://www.phpmyadmin.net/
--
-- Gép: 127.0.0.1
-- Létrehozás ideje: 2019. Feb 16. 22:13
-- Kiszolgáló verziója: 10.1.29-MariaDB
-- PHP verzió: 7.2.0

SET SQL_MODE = "NO_AUTO_VALUE_ON_ZERO";
SET AUTOCOMMIT = 0;
START TRANSACTION;
SET time_zone = "+00:00";


/*!40101 SET @OLD_CHARACTER_SET_CLIENT=@@CHARACTER_SET_CLIENT */;
/*!40101 SET @OLD_CHARACTER_SET_RESULTS=@@CHARACTER_SET_RESULTS */;
/*!40101 SET @OLD_COLLATION_CONNECTION=@@COLLATION_CONNECTION */;
/*!40101 SET NAMES utf8mb4 */;

--
-- Adatbázis: `vegyszerraktar`
--
CREATE DATABASE IF NOT EXISTS `vegyszerraktar` DEFAULT CHARACTER SET utf8 COLLATE utf8_hungarian_ci;
USE `vegyszerraktar`;

-- --------------------------------------------------------

--
-- Tábla szerkezet ehhez a táblához `baleset`
--

CREATE TABLE `baleset` (
  `baleset_id` int(11) NOT NULL,
  `baleset_datum` date NOT NULL,
  `user_id` int(11) NOT NULL,
  `baleset_leiras` varchar(255) COLLATE utf8_hungarian_ci DEFAULT NULL,
  `baleset_jegyzokonyv` varchar(20) COLLATE utf8_hungarian_ci DEFAULT NULL
) ENGINE=InnoDB DEFAULT CHARSET=utf8 COLLATE=utf8_hungarian_ci;

--
-- A tábla adatainak kiíratása `baleset`
--

INSERT INTO `baleset` (`baleset_id`, `baleset_datum`, `user_id`, `baleset_leiras`, `baleset_jegyzokonyv`) VALUES
(1, '2018-10-22', 3, 'Rakodás-technikai hiba, egy álvány túl lett terhelve, enyhe személyi sérülés', '2321-32-as'),
(2, '2018-11-30', 2, 'Gondatlanság, eltörlt egy üveg sósav, enyhe személyi sérülés', '2311-23-gf'),
(3, '2019-01-13', 2, 'Eljárás-technikai elővigyázatlanság, mégező anyag a levegőben, szellőzés végett nincs személyi panasz', '2123-86-kn');

-- --------------------------------------------------------

--
-- Tábla szerkezet ehhez a táblához `baleseterintett`
--

CREATE TABLE `baleseterintett` (
  `baleset_id` int(11) NOT NULL,
  `user_id` int(11) NOT NULL
) ENGINE=InnoDB DEFAULT CHARSET=utf8 COLLATE=utf8_hungarian_ci;

--
-- A tábla adatainak kiíratása `baleseterintett`
--

INSERT INTO `baleseterintett` (`baleset_id`, `user_id`) VALUES
(1, 1),
(2, 2),
(2, 1),
(3, 1),
(3, 2);

-- --------------------------------------------------------

--
-- Tábla szerkezet ehhez a táblához `beszallito`
--

CREATE TABLE `beszallito` (
  `beszallito_id` varchar(15) COLLATE utf8_hungarian_ci NOT NULL,
  `beszallito_nev` varchar(30) COLLATE utf8_hungarian_ci NOT NULL,
  `beszallito_szekhely` varchar(40) COLLATE utf8_hungarian_ci DEFAULT NULL,
  `beszallito_ervenyes` binary(1) DEFAULT NULL
) ENGINE=InnoDB DEFAULT CHARSET=utf8 COLLATE=utf8_hungarian_ci;

--
-- A tábla adatainak kiíratása `beszallito`
--

INSERT INTO `beszallito` (`beszallito_id`, `beszallito_nev`, `beszallito_szekhely`, `beszallito_ervenyes`) VALUES
('chemoker', 'Cemolker Kft.', '2750 Nagykőrös, Baracsi u. 3.', 0x31),
('novochem', 'Novochem Kereskedelmi és Szolg', '1089 Budapest, Orczy út 6.', 0x31),
('reanal', 'Reanal Laborvegyszer Kft.', '1158 Budapest, Késmárk u. 9.', 0x31);

-- --------------------------------------------------------

--
-- Tábla szerkezet ehhez a táblához `beszerzes`
--

CREATE TABLE `beszerzes` (
  `termek_min_id` int(11) NOT NULL,
  `termek_kiszerel` int(11) NOT NULL,
  `user_id` varchar(10) COLLATE utf8_hungarian_ci NOT NULL,
  `beszerzes_datum` date NOT NULL,
  `beszerzes_mennyiseg` int(11) NOT NULL,
  `beszerzes_megrendelt` binary(1) DEFAULT NULL,
  `beszerzes_teljesites` date DEFAULT NULL,
  `beszerzes_modosit` varchar(10) COLLATE utf8_hungarian_ci DEFAULT NULL,
  `beszerzes_erveny` binary(1) DEFAULT NULL
) ENGINE=InnoDB DEFAULT CHARSET=utf8 COLLATE=utf8_hungarian_ci;

--
-- A tábla adatainak kiíratása `beszerzes`
--

INSERT INTO `beszerzes` (`termek_min_id`, `termek_kiszerel`, `user_id`, `beszerzes_datum`, `beszerzes_mennyiseg`, `beszerzes_megrendelt`, `beszerzes_teljesites`, `beszerzes_modosit`, `beszerzes_erveny`) VALUES
(1, 100, '3', '2017-12-12', 29, 0x31, '2017-12-23', '3', 0x30),
(1, 250, '3', '2017-12-12', 5, 0x31, '2017-12-23', '3', 0x30),
(2, 100, '3', '2017-12-12', 20, 0x31, '2017-12-23', '3', 0x30),
(3, 100, '3', '2017-12-12', 12, 0x31, '2017-12-23', '3', 0x30),
(3, 250, '3', '2017-12-12', 12, 0x31, '2017-12-23', '3', 0x30),
(3, 500, '3', '2017-12-12', 14, 0x31, '2017-12-23', '3', 0x30),
(4, 100, '3', '2017-12-12', 31, 0x31, '2017-12-23', '3', 0x30),
(4, 250, '3', '2017-12-12', 16, 0x31, '2017-12-23', '3', 0x30),
(4, 500, '3', '2017-12-12', 22, 0x31, '2017-12-23', '3', 0x30),
(5, 100, '3', '2017-12-12', 18, 0x31, '2017-12-23', '3', 0x30),
(6, 100, '3', '2017-12-12', 14, 0x31, '2017-12-23', '3', 0x30),
(6, 250, '3', '2017-12-12', 11, 0x31, '2017-12-23', '3', 0x30),
(7, 100, '3', '2017-12-12', 8, 0x31, '2017-12-23', '3', 0x30),
(7, 250, '3', '2017-12-12', 25, 0x31, '2017-12-23', '3', 0x30),
(8, 100, '3', '2017-12-12', 28, 0x31, '2017-12-23', '3', 0x30),
(8, 250, '3', '2017-12-12', 8, 0x31, '2017-12-23', '3', 0x30),
(9, 100, '3', '2017-12-12', 18, 0x31, '2017-12-23', '3', 0x30),
(10, 100, '3', '2017-12-12', 10, 0x31, '2017-12-23', '3', 0x30),
(10, 250, '3', '2017-12-12', 18, 0x31, '2017-12-23', '3', 0x30),
(10, 500, '3', '2017-12-12', 1, 0x31, '2017-12-23', '3', 0x30),
(11, 100, '3', '2017-12-12', 8, 0x31, '2017-12-23', '3', 0x30),
(11, 250, '3', '2017-12-12', 13, 0x31, '2017-12-23', '3', 0x30),
(11, 500, '3', '2017-12-12', 51, 0x31, '2017-12-23', '3', 0x30),
(12, 100, '3', '2017-12-12', 18, 0x31, '2017-12-23', '3', 0x30),
(12, 250, '3', '2017-12-12', 13, 0x31, '2017-12-23', '3', 0x30),
(13, 100, '3', '2017-12-12', 13, 0x31, '2017-12-23', '3', 0x30),
(14, 100, '3', '2017-12-12', 49, 0x31, '2017-12-23', '3', 0x30),
(15, 100, '3', '2017-12-12', 12, 0x31, '2017-12-23', '3', 0x30),
(16, 100, '3', '2017-12-12', 15, 0x31, '2017-12-23', '3', 0x30),
(17, 100, '3', '2017-12-12', 12, 0x31, '2017-12-23', '3', 0x30),
(18, 100, '3', '2017-12-12', 29, 0x31, '2017-12-23', '3', 0x30),
(19, 100, '3', '2017-12-12', 12, 0x31, '2017-12-23', '3', 0x30),
(19, 250, '3', '2017-12-12', 22, 0x31, '2017-12-23', '3', 0x30),
(20, 100, '3', '2017-12-12', 29, 0x31, '2017-12-23', '3', 0x30),
(20, 250, '3', '2017-12-12', 14, 0x31, '2017-12-23', '3', 0x30),
(21, 100, '3', '2017-12-12', 31, 0x31, '2017-12-23', '3', 0x30),
(21, 250, '3', '2017-12-12', 9, 0x31, '2017-12-23', '3', 0x30),
(21, 500, '3', '2017-12-12', 14, 0x31, '2017-12-23', '3', 0x30),
(22, 100, '3', '2017-12-12', 7, 0x31, '2017-12-23', '3', 0x30),
(22, 250, '3', '2017-12-12', 46, 0x31, '2017-12-23', '3', 0x30),
(23, 100, '3', '2017-12-12', 7, 0x31, '2017-12-23', '3', 0x30),
(23, 250, '3', '2017-12-12', 18, 0x31, '2017-12-23', '3', 0x30),
(24, 100, '3', '2017-12-12', 23, 0x31, '2017-12-23', '3', 0x30),
(24, 250, '3', '2017-12-12', 28, 0x31, '2017-12-23', '3', 0x30),
(25, 100, '3', '2017-12-12', 33, 0x31, '2017-12-23', '3', 0x30),
(26, 100, '3', '2017-12-12', 56, 0x31, '2017-12-23', '3', 0x30),
(27, 100, '3', '2017-12-12', 11, 0x31, '2017-12-23', '3', 0x30),
(28, 100, '3', '2017-12-12', 24, 0x31, '2017-12-23', '3', 0x30),
(28, 250, '3', '2017-12-12', 0, 0x31, '2017-12-23', '3', 0x30),
(29, 100, '3', '2017-12-12', 46, 0x31, '2017-12-23', '3', 0x30),
(29, 250, '3', '2017-12-12', 20, 0x31, '2017-12-23', '3', 0x30),
(29, 500, '3', '2017-12-12', 11, 0x31, '2017-12-23', '3', 0x30),
(30, 100, '3', '2017-12-12', 30, 0x31, '2017-12-23', '3', 0x30),
(30, 250, '3', '2017-12-12', 0, 0x31, '2017-12-23', '3', 0x30),
(30, 500, '3', '2017-12-12', 28, 0x31, '2017-12-23', '3', 0x30),
(31, 100, '3', '2017-12-12', 36, 0x31, '2017-12-23', '3', 0x30),
(31, 250, '3', '2017-12-12', 20, 0x31, '2017-12-23', '3', 0x30),
(32, 100, '3', '2017-12-12', 52, 0x31, '2017-12-23', '3', 0x30),
(32, 250, '3', '2017-12-12', 29, 0x31, '2017-12-23', '3', 0x30),
(32, 500, '3', '2017-12-12', 19, 0x31, '2017-12-23', '3', 0x30),
(33, 100, '3', '2017-12-12', 16, 0x31, '2017-12-23', '3', 0x30),
(33, 250, '3', '2017-12-12', 12, 0x31, '2017-12-23', '3', 0x30),
(34, 100, '3', '2017-12-12', 5, 0x31, '2017-12-23', '3', 0x30),
(34, 250, '3', '2017-12-12', 0, 0x31, '2017-12-23', '3', 0x30),
(35, 100, '3', '2017-12-12', 16, 0x31, '2017-12-23', '3', 0x30),
(35, 250, '3', '2017-12-12', 19, 0x31, '2017-12-23', '3', 0x30),
(36, 100, '3', '2017-12-12', 31, 0x31, '2017-12-23', '3', 0x30),
(37, 100, '3', '2017-12-12', 23, 0x31, '2017-12-23', '3', 0x30),
(37, 250, '3', '2017-12-12', 24, 0x31, '2017-12-23', '3', 0x30),
(37, 500, '3', '2017-12-12', 29, 0x31, '2017-12-23', '3', 0x30),
(38, 100, '3', '2017-12-12', 28, 0x31, '2017-12-23', '3', 0x30),
(38, 250, '3', '2017-12-12', 52, 0x31, '2017-12-23', '3', 0x30),
(39, 100, '3', '2017-12-12', 3, 0x31, '2017-12-23', '3', 0x30),
(40, 100, '3', '2017-12-12', 20, 0x31, '2017-12-23', '3', 0x30),
(40, 250, '3', '2017-12-12', 24, 0x31, '2017-12-23', '3', 0x30),
(40, 500, '3', '2017-12-12', 12, 0x31, '2017-12-23', '3', 0x30),
(41, 100, '3', '2017-12-12', 16, 0x31, '2017-12-23', '3', 0x30),
(41, 250, '3', '2017-12-12', 69, 0x31, '2017-12-23', '3', 0x30),
(42, 100, '3', '2017-12-12', 11, 0x31, '2017-12-23', '3', 0x30),
(42, 250, '3', '2017-12-12', 22, 0x31, '2017-12-23', '3', 0x30),
(42, 500, '3', '2017-12-12', 20, 0x31, '2017-12-23', '3', 0x30),
(43, 100, '3', '2017-12-12', 18, 0x31, '2017-12-23', '3', 0x30),
(43, 250, '3', '2017-12-12', 7, 0x31, '2017-12-23', '3', 0x30),
(44, 100, '3', '2017-12-12', 37, 0x31, '2017-12-23', '3', 0x30),
(45, 100, '3', '2017-12-12', 18, 0x31, '2017-12-23', '3', 0x30),
(46, 100, '3', '2017-12-12', 3, 0x31, '2017-12-23', '3', 0x30),
(47, 100, '3', '2017-12-12', 8, 0x31, '2017-12-23', '3', 0x30),
(47, 250, '3', '2017-12-12', 14, 0x31, '2017-12-23', '3', 0x30),
(48, 100, '3', '2017-12-12', 8, 0x31, '2017-12-23', '3', 0x30),
(49, 100, '3', '2017-12-12', 48, 0x31, '2017-12-23', '3', 0x30),
(49, 250, '3', '2017-12-12', 23, 0x31, '2017-12-23', '3', 0x30),
(49, 500, '3', '2017-12-12', 17, 0x31, '2017-12-23', '3', 0x30),
(50, 100, '3', '2017-12-12', 16, 0x31, '2017-12-23', '3', 0x30),
(51, 100, '3', '2017-12-12', 16, 0x31, '2017-12-23', '3', 0x30),
(52, 100, '3', '2017-12-12', 30, 0x31, '2017-12-23', '3', 0x30),
(52, 250, '3', '2017-12-12', 12, 0x31, '2017-12-23', '3', 0x30),
(52, 500, '3', '2017-12-12', 28, 0x31, '2017-12-23', '3', 0x30),
(53, 100, '3', '2017-12-12', 26, 0x31, '2017-12-23', '3', 0x30),
(53, 250, '3', '2017-12-12', 37, 0x31, '2017-12-23', '3', 0x30),
(53, 500, '3', '2017-12-12', 37, 0x31, '2017-12-23', '3', 0x30),
(54, 100, '3', '2017-12-12', 16, 0x31, '2017-12-23', '3', 0x30),
(55, 100, '3', '2017-12-12', 7, 0x31, '2017-12-23', '3', 0x30),
(55, 250, '3', '2017-12-12', 26, 0x31, '2017-12-23', '3', 0x30),
(55, 500, '3', '2017-12-12', 23, 0x31, '2017-12-23', '3', 0x30),
(56, 100, '3', '2017-12-12', 31, 0x31, '2017-12-23', '3', 0x30),
(56, 250, '3', '2017-12-12', 24, 0x31, '2017-12-23', '3', 0x30),
(56, 500, '3', '2017-12-12', 9, 0x31, '2017-12-23', '3', 0x30),
(57, 100, '3', '2017-12-12', 27, 0x31, '2017-12-23', '3', 0x30),
(57, 250, '3', '2017-12-12', 49, 0x31, '2017-12-23', '3', 0x30),
(57, 500, '3', '2017-12-12', 7, 0x31, '2017-12-23', '3', 0x30),
(58, 100, '3', '2017-12-12', 9, 0x31, '2017-12-23', '3', 0x30),
(58, 250, '3', '2017-12-12', 43, 0x31, '2017-12-23', '3', 0x30),
(59, 100, '3', '2017-12-12', 6, 0x31, '2017-12-23', '3', 0x30),
(59, 250, '3', '2017-12-12', 24, 0x31, '2017-12-23', '3', 0x30),
(59, 500, '3', '2017-12-12', 31, 0x31, '2017-12-23', '3', 0x30),
(60, 100, '3', '2017-12-12', 28, 0x31, '2017-12-23', '3', 0x30),
(61, 100, '3', '2017-12-12', 43, 0x31, '2017-12-23', '3', 0x30),
(62, 100, '3', '2017-12-12', 6, 0x31, '2017-12-23', '3', 0x30),
(62, 250, '3', '2017-12-12', 13, 0x31, '2017-12-23', '3', 0x30),
(62, 500, '3', '2017-12-12', 23, 0x31, '2017-12-23', '3', 0x30),
(63, 100, '3', '2017-12-12', 8, 0x31, '2017-12-23', '3', 0x30),
(63, 250, '3', '2017-12-12', 28, 0x31, '2017-12-23', '3', 0x30),
(63, 500, '3', '2017-12-12', 7, 0x31, '2017-12-23', '3', 0x30),
(64, 100, '3', '2017-12-12', 17, 0x31, '2017-12-23', '3', 0x30),
(64, 250, '3', '2017-12-12', 22, 0x31, '2017-12-23', '3', 0x30),
(65, 100, '3', '2017-12-12', 47, 0x31, '2017-12-23', '3', 0x30),
(65, 250, '3', '2017-12-12', 9, 0x31, '2017-12-23', '3', 0x30),
(65, 500, '3', '2017-12-12', 17, 0x31, '2017-12-23', '3', 0x30),
(66, 100, '3', '2017-12-12', 51, 0x31, '2017-12-23', '3', 0x30),
(66, 250, '3', '2017-12-12', 20, 0x31, '2017-12-23', '3', 0x30),
(66, 500, '3', '2017-12-12', 12, 0x31, '2017-12-23', '3', 0x30),
(67, 100, '3', '2017-12-12', 48, 0x31, '2017-12-23', '3', 0x30),
(68, 100, '3', '2017-12-12', 35, 0x31, '2017-12-23', '3', 0x30),
(69, 100, '3', '2017-12-12', 29, 0x31, '2017-12-23', '3', 0x30),
(70, 100, '3', '2017-12-12', 15, 0x31, '2017-12-23', '3', 0x30),
(70, 250, '3', '2017-12-12', 20, 0x31, '2017-12-23', '3', 0x30),
(70, 500, '3', '2017-12-12', 16, 0x31, '2017-12-23', '3', 0x30),
(71, 100, '3', '2017-12-12', 22, 0x31, '2017-12-23', '3', 0x30),
(71, 250, '3', '2017-12-12', 11, 0x31, '2017-12-23', '3', 0x30),
(71, 500, '3', '2017-12-12', 10, 0x31, '2017-12-23', '3', 0x30),
(72, 100, '3', '2017-12-12', 39, 0x31, '2017-12-23', '3', 0x30),
(73, 100, '3', '2017-12-12', 5, 0x31, '2017-12-23', '3', 0x30),
(74, 100, '3', '2017-12-12', 40, 0x31, '2017-12-23', '3', 0x30),
(75, 100, '3', '2017-12-12', 1, 0x31, '2017-12-23', '3', 0x30),
(75, 250, '3', '2017-12-12', 6, 0x31, '2017-12-23', '3', 0x30),
(75, 500, '3', '2017-12-12', 29, 0x31, '2017-12-23', '3', 0x30),
(76, 100, '3', '2017-12-12', 18, 0x31, '2017-12-23', '3', 0x30),
(76, 250, '3', '2017-12-12', 1, 0x31, '2017-12-23', '3', 0x30),
(76, 500, '3', '2017-12-12', 9, 0x31, '2017-12-23', '3', 0x30),
(77, 100, '3', '2017-12-12', 23, 0x31, '2017-12-23', '3', 0x30),
(78, 100, '3', '2017-12-12', 6, 0x31, '2017-12-23', '3', 0x30),
(78, 250, '3', '2017-12-12', 3, 0x31, '2017-12-23', '3', 0x30),
(79, 100, '3', '2017-12-12', 12, 0x31, '2017-12-23', '3', 0x30),
(79, 250, '3', '2017-12-12', 6, 0x31, '2017-12-23', '3', 0x30),
(79, 500, '3', '2017-12-12', 27, 0x31, '2017-12-23', '3', 0x30),
(80, 100, '3', '2017-12-12', 10, 0x31, '2017-12-23', '3', 0x30),
(81, 100, '3', '2017-12-12', 14, 0x31, '2017-12-23', '3', 0x30),
(81, 250, '3', '2017-12-12', 36, 0x31, '2017-12-23', '3', 0x30),
(82, 100, '3', '2017-12-12', 10, 0x31, '2017-12-23', '3', 0x30),
(82, 250, '3', '2017-12-12', 30, 0x31, '2017-12-23', '3', 0x30),
(82, 500, '3', '2017-12-12', 25, 0x31, '2017-12-23', '3', 0x30),
(83, 100, '3', '2017-12-12', 18, 0x31, '2017-12-23', '3', 0x30),
(83, 250, '3', '2017-12-12', 10, 0x31, '2017-12-23', '3', 0x30),
(84, 100, '3', '2017-12-12', 33, 0x31, '2017-12-23', '3', 0x30),
(85, 100, '3', '2017-12-12', 17, 0x31, '2017-12-23', '3', 0x30),
(86, 100, '3', '2017-12-12', 13, 0x31, '2017-12-23', '3', 0x30),
(86, 250, '3', '2017-12-12', 21, 0x31, '2017-12-23', '3', 0x30),
(86, 500, '3', '2017-12-12', 16, 0x31, '2017-12-23', '3', 0x30),
(87, 100, '3', '2017-12-12', 22, 0x31, '2017-12-23', '3', 0x30),
(87, 250, '3', '2017-12-12', 27, 0x31, '2017-12-23', '3', 0x30),
(88, 100, '3', '2017-12-12', 10, 0x31, '2017-12-23', '3', 0x30),
(89, 100, '3', '2017-12-12', 50, 0x31, '2017-12-23', '3', 0x30),
(90, 100, '3', '2017-12-12', 28, 0x31, '2017-12-23', '3', 0x30),
(90, 250, '3', '2017-12-12', 20, 0x31, '2017-12-23', '3', 0x30),
(91, 100, '3', '2017-12-12', 3, 0x31, '2017-12-23', '3', 0x30),
(91, 250, '3', '2017-12-12', 3, 0x31, '2017-12-23', '3', 0x30),
(91, 500, '3', '2017-12-12', 6, 0x31, '2017-12-23', '3', 0x30),
(92, 100, '3', '2017-12-12', 1, 0x31, '2017-12-23', '3', 0x30),
(92, 250, '3', '2017-12-12', 34, 0x31, '2017-12-23', '3', 0x30),
(92, 500, '3', '2017-12-12', 17, 0x31, '2017-12-23', '3', 0x30),
(93, 100, '3', '2017-12-12', 15, 0x31, '2017-12-23', '3', 0x30),
(93, 250, '3', '2017-12-12', 17, 0x31, '2017-12-23', '3', 0x30),
(94, 100, '3', '2017-12-12', 29, 0x31, '2017-12-23', '3', 0x30),
(94, 250, '3', '2017-12-12', 9, 0x31, '2017-12-23', '3', 0x30),
(95, 100, '3', '2017-12-12', 23, 0x31, '2017-12-23', '3', 0x30),
(95, 250, '3', '2017-12-12', 20, 0x31, '2017-12-23', '3', 0x30),
(95, 500, '3', '2017-12-12', 30, 0x31, '2017-12-23', '3', 0x30),
(96, 100, '3', '2017-12-12', 5, 0x31, '2017-12-23', '3', 0x30),
(97, 100, '3', '2017-12-12', 30, 0x31, '2017-12-23', '3', 0x30),
(97, 250, '3', '2017-12-12', 14, 0x31, '2017-12-23', '3', 0x30),
(98, 100, '3', '2017-12-12', 29, 0x31, '2017-12-23', '3', 0x30),
(98, 250, '3', '2017-12-12', 3, 0x31, '2017-12-23', '3', 0x30),
(98, 500, '3', '2017-12-12', 24, 0x31, '2017-12-23', '3', 0x30),
(99, 100, '3', '2017-12-12', 26, 0x31, '2017-12-23', '3', 0x30),
(99, 250, '3', '2017-12-12', 23, 0x31, '2017-12-23', '3', 0x30),
(99, 500, '3', '2017-12-12', 18, 0x31, '2017-12-23', '3', 0x30),
(100, 100, '3', '2017-12-12', 10, 0x31, '2017-12-23', '3', 0x30),
(100, 250, '3', '2017-12-12', 28, 0x31, '2017-12-23', '3', 0x30),
(101, 100, '3', '2017-12-12', 23, 0x31, '2017-12-23', '3', 0x30),
(101, 250, '3', '2017-12-12', 4, 0x31, '2017-12-23', '3', 0x30),
(102, 100, '3', '2017-12-12', 18, 0x31, '2017-12-23', '3', 0x30),
(103, 100, '3', '2017-12-12', 11, 0x31, '2017-12-23', '3', 0x30),
(103, 250, '3', '2017-12-12', 3, 0x31, '2017-12-23', '3', 0x30),
(104, 100, '3', '2017-12-12', 30, 0x31, '2017-12-23', '3', 0x30),
(104, 250, '3', '2017-12-12', 26, 0x31, '2017-12-23', '3', 0x30),
(105, 100, '3', '2017-12-12', 22, 0x31, '2017-12-23', '3', 0x30),
(105, 250, '3', '2017-12-12', 19, 0x31, '2017-12-23', '3', 0x30),
(106, 100, '3', '2017-12-12', 18, 0x31, '2017-12-23', '3', 0x30),
(106, 250, '3', '2017-12-12', 5, 0x31, '2017-12-23', '3', 0x30),
(107, 100, '3', '2017-12-12', 10, 0x31, '2017-12-23', '3', 0x30),
(108, 100, '3', '2017-12-12', 12, 0x31, '2017-12-23', '3', 0x30),
(109, 100, '3', '2017-12-12', 56, 0x31, '2017-12-23', '3', 0x30),
(110, 100, '3', '2017-12-12', 38, 0x31, '2017-12-23', '3', 0x30),
(110, 250, '3', '2017-12-12', 3, 0x31, '2017-12-23', '3', 0x30),
(110, 500, '3', '2017-12-12', 38, 0x31, '2017-12-23', '3', 0x30),
(111, 100, '3', '2017-12-12', 33, 0x31, '2017-12-23', '3', 0x30),
(111, 250, '3', '2017-12-12', 9, 0x31, '2017-12-23', '3', 0x30),
(112, 100, '3', '2017-12-12', 16, 0x31, '2017-12-23', '3', 0x30),
(112, 250, '3', '2017-12-12', 12, 0x31, '2017-12-23', '3', 0x30),
(112, 500, '3', '2017-12-12', 22, 0x31, '2017-12-23', '3', 0x30),
(113, 100, '3', '2017-12-12', 30, 0x31, '2017-12-23', '3', 0x30),
(113, 250, '3', '2017-12-12', 27, 0x31, '2017-12-23', '3', 0x30),
(113, 500, '3', '2017-12-12', 12, 0x31, '2017-12-23', '3', 0x30),
(114, 100, '3', '2017-12-12', 30, 0x31, '2017-12-23', '3', 0x30),
(114, 250, '3', '2017-12-12', 44, 0x31, '2017-12-23', '3', 0x30),
(115, 100, '3', '2017-12-12', 31, 0x31, '2017-12-23', '3', 0x30),
(115, 250, '3', '2017-12-12', 40, 0x31, '2017-12-23', '3', 0x30),
(115, 500, '3', '2017-12-12', 31, 0x31, '2017-12-23', '3', 0x30),
(116, 100, '3', '2017-12-12', 27, 0x31, '2017-12-23', '3', 0x30),
(116, 250, '3', '2017-12-12', 39, 0x31, '2017-12-23', '3', 0x30),
(117, 100, '3', '2017-12-12', 32, 0x31, '2017-12-23', '3', 0x30),
(117, 250, '3', '2017-12-12', 21, 0x31, '2017-12-23', '3', 0x30),
(117, 500, '3', '2017-12-12', 20, 0x31, '2017-12-23', '3', 0x30),
(118, 100, '3', '2017-12-12', 13, 0x31, '2017-12-23', '3', 0x30),
(118, 250, '3', '2017-12-12', 23, 0x31, '2017-12-23', '3', 0x30),
(118, 500, '3', '2017-12-12', 6, 0x31, '2017-12-23', '3', 0x30),
(119, 100, '3', '2017-12-12', 35, 0x31, '2017-12-23', '3', 0x30),
(119, 250, '3', '2017-12-12', 29, 0x31, '2017-12-23', '3', 0x30),
(120, 100, '3', '2017-12-12', 33, 0x31, '2017-12-23', '3', 0x30),
(121, 100, '3', '2017-12-12', 29, 0x31, '2017-12-23', '3', 0x30),
(121, 250, '3', '2017-12-12', 21, 0x31, '2017-12-23', '3', 0x30),
(121, 500, '3', '2017-12-12', 17, 0x31, '2017-12-23', '3', 0x30),
(122, 100, '3', '2017-12-12', 20, 0x31, '2017-12-23', '3', 0x30),
(122, 250, '3', '2017-12-12', 17, 0x31, '2017-12-23', '3', 0x30),
(122, 500, '3', '2017-12-12', 16, 0x31, '2017-12-23', '3', 0x30),
(123, 100, '3', '2017-12-12', 13, 0x31, '2017-12-23', '3', 0x30),
(123, 250, '3', '2017-12-12', 10, 0x31, '2017-12-23', '3', 0x30),
(124, 100, '3', '2017-12-12', 2, 0x31, '2017-12-23', '3', 0x30),
(124, 250, '3', '2017-12-12', 6, 0x31, '2017-12-23', '3', 0x30),
(124, 500, '3', '2017-12-12', 8, 0x31, '2017-12-23', '3', 0x30),
(125, 100, '3', '2017-12-12', 41, 0x31, '2017-12-23', '3', 0x30),
(126, 100, '3', '2017-12-12', 11, 0x31, '2017-12-23', '3', 0x30),
(127, 100, '3', '2017-12-12', 13, 0x31, '2017-12-23', '3', 0x30),
(127, 250, '3', '2017-12-12', 31, 0x31, '2017-12-23', '3', 0x30),
(128, 100, '3', '2017-12-12', 28, 0x31, '2017-12-23', '3', 0x30),
(128, 250, '3', '2017-12-12', 18, 0x31, '2017-12-23', '3', 0x30),
(128, 500, '3', '2017-12-12', 20, 0x31, '2017-12-23', '3', 0x30),
(129, 100, '3', '2017-12-12', 21, 0x31, '2017-12-23', '3', 0x30),
(129, 250, '3', '2017-12-12', 5, 0x31, '2017-12-23', '3', 0x30),
(129, 500, '3', '2017-12-12', 17, 0x31, '2017-12-23', '3', 0x30),
(130, 100, '3', '2017-12-12', 40, 0x31, '2017-12-23', '3', 0x30),
(130, 250, '3', '2017-12-12', 7, 0x31, '2017-12-23', '3', 0x30),
(130, 500, '3', '2017-12-12', 18, 0x31, '2017-12-23', '3', 0x30),
(131, 100, '3', '2017-12-12', 13, 0x31, '2017-12-23', '3', 0x30),
(131, 250, '3', '2017-12-12', 15, 0x31, '2017-12-23', '3', 0x30),
(131, 500, '3', '2017-12-12', 11, 0x31, '2017-12-23', '3', 0x30),
(132, 100, '3', '2017-12-12', 29, 0x31, '2017-12-23', '3', 0x30),
(132, 250, '3', '2017-12-12', 5, 0x31, '2017-12-23', '3', 0x30),
(132, 500, '3', '2017-12-12', 2, 0x31, '2017-12-23', '3', 0x30),
(133, 100, '3', '2017-12-12', 19, 0x31, '2017-12-23', '3', 0x30),
(133, 250, '3', '2017-12-12', 26, 0x31, '2017-12-23', '3', 0x30),
(134, 100, '3', '2017-12-12', 0, 0x31, '2017-12-23', '3', 0x30),
(134, 250, '3', '2017-12-12', 33, 0x31, '2017-12-23', '3', 0x30),
(134, 500, '3', '2017-12-12', 20, 0x31, '2017-12-23', '3', 0x30),
(135, 100, '3', '2017-12-12', 41, 0x31, '2017-12-23', '3', 0x30),
(136, 100, '3', '2017-12-12', 30, 0x31, '2017-12-23', '3', 0x30),
(136, 250, '3', '2017-12-12', 6, 0x31, '2017-12-23', '3', 0x30),
(136, 500, '3', '2017-12-12', 30, 0x31, '2017-12-23', '3', 0x30),
(137, 100, '3', '2017-12-12', 6, 0x31, '2017-12-23', '3', 0x30),
(138, 100, '3', '2017-12-12', 24, 0x31, '2017-12-23', '3', 0x30),
(138, 250, '3', '2017-12-12', 20, 0x31, '2017-12-23', '3', 0x30),
(138, 500, '3', '2017-12-12', 4, 0x31, '2017-12-23', '3', 0x30),
(139, 100, '3', '2017-12-12', 4, 0x31, '2017-12-23', '3', 0x30),
(140, 100, '3', '2017-12-12', 4, 0x31, '2017-12-23', '3', 0x30),
(141, 100, '3', '2017-12-12', 23, 0x31, '2017-12-23', '3', 0x30),
(141, 250, '3', '2017-12-12', 37, 0x31, '2017-12-23', '3', 0x30),
(142, 100, '3', '2017-12-12', 7, 0x31, '2017-12-23', '3', 0x30);

-- --------------------------------------------------------

--
-- Tábla szerkezet ehhez a táblához `felhaszn`
--

CREATE TABLE `felhaszn` (
  `user_id` int(11) NOT NULL,
  `user_name` varchar(15) COLLATE utf8_hungarian_ci NOT NULL,
  `jelszo` varchar(60) COLLATE utf8_hungarian_ci NOT NULL,
  `hozzafer_ervenyes` binary(1) DEFAULT NULL
) ENGINE=InnoDB DEFAULT CHARSET=utf8 COLLATE=utf8_hungarian_ci;

--
-- A tábla adatainak kiíratása `felhaszn`
--

INSERT INTO `felhaszn` (`user_id`, `user_name`, `jelszo`, `hozzafer_ervenyes`) VALUES
(1, 'markovicsi01', '$2a$10$fyxO2HpXRKHuwJHwPTmMdOEVn1MPVu0fvS4t47CAuXbCNzeVBVtx6', 0x31),
(2, 'kissga01', '$2a$10$0QlM3BPUJIgbcHs5DFOV3uCxSnk4Hsij7fapcaWWGCaUlP49/Jxcm', 0x31),
(3, 'kovacsg01', '$2a$10$CpWArhwXqEQvypE6.8aBAOHOfOgwHhftbpSU8wb9.qYu/VP9nfGQq', 0x31),
(4, 'kovacsg02', '$2a$10$Jn2ioI5IZwmVjEw/D0I04.HxLIoTgcLV2qZ7pRIp0HRR2NNadl3L.', 0x31),
(5, 'feherg01', '$2a$10$uRZGvNmei2hrcQMGCe2pveK2LN6qGp2bUM85214JZLPWhfbUpgCIi', 0x31),
(6, 'ellenor01', '$2a$10$.S.S3TH.5tcESN0hbvjAkeDlPbNNIVo.8SEv85KxGz7YfM4NuPOHy', 0x31),
(7, 'kocsisi01', '$2a$10$MXSmZst1hZObssLmwxCjYutdo4HM3SkMLtxuDe9bAob6crONKzTH.', 0x30);

-- --------------------------------------------------------

--
-- Tábla szerkezet ehhez a táblához `felhasznadatok`
--

CREATE TABLE `felhasznadatok` (
  `user_id` int(11) NOT NULL,
  `taj_szam` varchar(11) COLLATE utf8_hungarian_ci NOT NULL,
  `vez_nev` varchar(20) COLLATE utf8_hungarian_ci NOT NULL,
  `ker_nev` varchar(30) COLLATE utf8_hungarian_ci DEFAULT NULL,
  `beosztas` varchar(30) COLLATE utf8_hungarian_ci DEFAULT NULL,
  `terulet` varchar(30) COLLATE utf8_hungarian_ci DEFAULT NULL,
  `jog_id` varchar(20) COLLATE utf8_hungarian_ci DEFAULT NULL
) ENGINE=InnoDB DEFAULT CHARSET=utf8 COLLATE=utf8_hungarian_ci;

--
-- A tábla adatainak kiíratása `felhasznadatok`
--

INSERT INTO `felhasznadatok` (`user_id`, `taj_szam`, `vez_nev`, `ker_nev`, `beosztas`, `terulet`, `jog_id`) VALUES
(1, '123-456-789', 'Markovics', 'Imre', 'adminisztrator', '012 labor', 'adminisztrator'),
(2, '234-567-890', 'Kiss', 'Géza', 'kutatásvezető', '012 labor', 'kutato'),
(3, '345-678-901', 'Kovács', 'Géza', 'raktáros', 'Központi raktár', 'raktaros'),
(4, '987-654-321', 'Kovács', 'Gábor', 'könyvelő', '101 iroda', 'konyvelo'),
(5, '876-543-210', 'Fehér', 'Gáspár', 'intézetvezető', '105 iroda', 'ellenorzo'),
(6, '', 'Hatosági', 'Személy', '', '', 'ellenorzo'),
(7, '123-987-654', 'Kocsis', 'Iván', 'kutató', '111 labor', 'kutato');

-- --------------------------------------------------------

--
-- Tábla szerkezet ehhez a táblához `jogosultsag`
--

CREATE TABLE `jogosultsag` (
  `jog_id` varchar(20) COLLATE utf8_hungarian_ci NOT NULL,
  `jog` int(11) DEFAULT NULL
) ENGINE=InnoDB DEFAULT CHARSET=utf8 COLLATE=utf8_hungarian_ci;

--
-- A tábla adatainak kiíratása `jogosultsag`
--

INSERT INTO `jogosultsag` (`jog_id`, `jog`) VALUES
('adminisztrator', 59048),
('ellenorzo', 29524),
('konyvelo', 22958),
('kutato', 56979),
('labor-raktaros', 48153),
('laborans', 48114),
('raktaros', 242);

-- --------------------------------------------------------

--
-- Tábla szerkezet ehhez a táblához `kapcsolat`
--

CREATE TABLE `kapcsolat` (
  `beszallito_id` varchar(15) COLLATE utf8_hungarian_ci NOT NULL,
  `kapcsolat_nev` varchar(30) COLLATE utf8_hungarian_ci DEFAULT NULL,
  `kapcsolat_beosztas` varchar(20) COLLATE utf8_hungarian_ci DEFAULT NULL,
  `kapcsolat_email` varchar(20) COLLATE utf8_hungarian_ci NOT NULL,
  `kapcsolat_tel` varchar(20) COLLATE utf8_hungarian_ci DEFAULT NULL
) ENGINE=InnoDB DEFAULT CHARSET=utf8 COLLATE=utf8_hungarian_ci;

--
-- A tábla adatainak kiíratása `kapcsolat`
--

INSERT INTO `kapcsolat` (`beszallito_id`, `kapcsolat_nev`, `kapcsolat_beosztas`, `kapcsolat_email`, `kapcsolat_tel`) VALUES
('novochem', 'Buzder-Lantos Erzsébet', 'üzletkötő-szervetlen', 'buzder@novochem.hu', '+36-30-265-4732'),
('novochem', 'Soós Eszter', 'bonyolító-szervetlen', 'soos@novochem.hu', '+36-1-464-4811'),
('novochem', 'Kucher Krisztina', 'üzletkötő-szervetlen', 'kucher@novochem.hu', '+36-1-464-4812'),
('novochem', 'Kocsis József', 'üzletkötő-metanol,ec', 'kocsis@novochem.hu', '+36-1-464-4839'),
('novochem', 'Miskolczi Erika', 'üzletkötő-oldószerek', 'miskolczi@novochem.h', '+36-1-464-4805'),
('novochem', 'Költőné Koncz Ilona', 'bonyolító-oldószerek', 'ilona@novochem.hu', '+36-1-464-4922'),
('renal', '', '', 'reanallabor@reanalla', '+36-1-414-6040'),
('chemoker', '', '', 'cemolkerkft@gmail.co', '+36-53-552-305');

-- --------------------------------------------------------

--
-- Tábla szerkezet ehhez a táblához `keresek`
--

CREATE TABLE `keresek` (
  `keres_datum` date NOT NULL,
  `termek_min_id` int(11) NOT NULL,
  `termek_kiszerel` int(11) NOT NULL,
  `user_id` int(11) NOT NULL,
  `keres_mennyiseg` int(11) DEFAULT NULL,
  `keres_teljesit` date DEFAULT NULL,
  `keres_modosit` int(11) DEFAULT NULL,
  `keres_erveny` binary(1) DEFAULT NULL
) ENGINE=InnoDB DEFAULT CHARSET=utf8 COLLATE=utf8_hungarian_ci;

--
-- A tábla adatainak kiíratása `keresek`
--

INSERT INTO `keresek` (`keres_datum`, `termek_min_id`, `termek_kiszerel`, `user_id`, `keres_mennyiseg`, `keres_teljesit`, `keres_modosit`, `keres_erveny`) VALUES
('2019-05-08', 118, 500, 7, 1, '2019-05-09', 3, 0x30),
('2018-05-19', 8, 100, 2, 14, '2018-05-20', 3, 0x30),
('2018-10-13', 37, 250, 7, 7, '2018-10-14', 3, 0x30),
('2019-06-10', 99, 250, 2, 19, '2019-06-11', 3, 0x30),
('2018-05-03', 32, 100, 2, 24, '0000-00-00', 2, 0x30),
('2018-01-19', 49, 100, 7, 6, '2018-01-20', 3, 0x30),
('2018-08-05', 4, 500, 2, 7, '2018-08-06', 3, 0x30),
('2018-06-18', 121, 100, 7, 5, '0000-00-00', 0, 0x31),
('2019-05-04', 132, 250, 2, 5, '2019-05-05', 3, 0x30),
('2019-08-15', 84, 100, 7, 2, '2019-08-16', 3, 0x30),
('2019-12-27', 59, 250, 7, 20, '2019-12-28', 3, 0x30),
('2019-12-13', 109, 100, 7, 6, '0000-00-00', 7, 0x30),
('2018-10-28', 37, 500, 7, 3, '2018-10-30', 3, 0x30),
('2018-04-08', 41, 250, 7, 24, '2018-04-09', 3, 0x30),
('2018-10-22', 76, 100, 7, 3, '2018-10-23', 3, 0x30),
('2018-11-06', 92, 500, 2, 6, '2018-11-07', 3, 0x30),
('2019-06-28', 57, 250, 7, 28, '2019-06-28', 3, 0x30),
('2019-06-21', 30, 100, 2, 29, '2019-06-22', 3, 0x30),
('2019-01-20', 121, 250, 7, 4, '2019-01-21', 3, 0x30),
('2019-09-05', 116, 250, 2, 28, '2019-09-06', 3, 0x30),
('2019-10-14', 1, 100, 2, 9, '0000-00-00', 2, 0x30),
('2018-11-25', 129, 100, 2, 10, '2018-11-26', 3, 0x30),
('2018-04-04', 58, 250, 7, 23, '0000-00-00', 7, 0x30),
('2019-01-03', 76, 500, 2, 2, '2019-01-04', 3, 0x30),
('2018-01-04', 117, 100, 7, 21, '2018-01-05', 3, 0x30),
('2019-09-19', 38, 100, 7, 20, '2019-09-20', 3, 0x30),
('2018-03-20', 112, 500, 7, 7, '2018-03-21', 3, 0x30),
('2019-10-25', 121, 100, 7, 4, '2019-10-26', 3, 0x30),
('2019-03-10', 115, 500, 7, 5, '2019-03-11', 3, 0x30),
('2019-10-05', 82, 500, 2, 22, '2019-10-06', 3, 0x30),
('2018-06-12', 71, 100, 7, 4, '2018-06-13', 3, 0x30),
('2019-06-09', 43, 250, 2, 3, '0000-00-00', 2, 0x30),
('2018-01-17', 33, 100, 7, 14, '2018-01-18', 3, 0x30),
('2018-12-16', 71, 500, 7, 6, '2018-12-17', 3, 0x30),
('2019-06-14', 68, 100, 2, 11, '2019-06-15', 3, 0x30),
('2018-12-01', 49, 100, 2, 15, '0000-00-00', 2, 0x30),
('2019-02-16', 1, 100, 2, 19, '2019-02-17', 3, 0x30),
('2018-05-10', 14, 100, 7, 28, '2018-05-11', 3, 0x30),
('2019-11-16', 61, 100, 2, 12, '0000-00-00', 2, 0x30),
('2018-08-12', 53, 250, 2, 25, '2018-08-13', 3, 0x30),
('2019-12-03', 81, 250, 2, 10, '2019-12-04', 3, 0x30),
('2019-04-27', 65, 100, 2, 13, '2019-04-28', 3, 0x30),
('2019-12-10', 10, 250, 7, 1, '2019-12-11', 3, 0x30),
('2019-10-17', 25, 100, 2, 4, '2019-10-18', 3, 0x30),
('2019-07-22', 130, 100, 2, 28, '2019-07-23', 3, 0x30),
('2018-04-07', 89, 100, 2, 29, '2018-04-08', 3, 0x30),
('2018-11-12', 22, 250, 7, 21, '2018-11-13', 3, 0x30),
('2019-01-23', 92, 250, 2, 26, '2019-01-24', 3, 0x30),
('2018-07-24', 120, 100, 7, 6, '2018-07-25', 3, 0x30),
('2019-03-11', 118, 100, 7, 13, '2019-03-12', 3, 0x30),
('2019-02-09', 29, 100, 7, 1, '2019-02-10', 3, 0x30),
('2019-02-13', 109, 100, 7, 28, '2019-02-14', 3, 0x30),
('2018-12-23', 35, 100, 7, 10, '2018-12-24', 3, 0x30),
('2019-05-19', 31, 100, 2, 21, '2019-05-20', 3, 0x30),
('2019-01-28', 67, 100, 7, 24, '2019-01-30', 3, 0x30),
('2019-06-24', 14, 100, 2, 12, '2019-06-25', 3, 0x30),
('2018-05-24', 45, 100, 7, 7, '2018-05-25', 3, 0x30),
('2018-08-11', 52, 500, 7, 21, '0000-00-00', 7, 0x30),
('2019-03-10', 101, 100, 2, 9, '2019-03-11', 3, 0x30),
('2018-02-05', 19, 100, 2, 4, '2018-02-06', 3, 0x30),
('2019-03-28', 74, 100, 2, 27, '2019-03-28', 3, 0x30),
('2019-07-14', 3, 500, 2, 4, '2019-07-15', 3, 0x30),
('2019-03-04', 66, 250, 7, 9, '2019-03-05', 3, 0x30),
('2019-07-21', 121, 100, 2, 3, '2019-07-22', 3, 0x30),
('2019-02-12', 135, 100, 7, 25, '2019-02-13', 3, 0x30),
('2018-02-01', 90, 100, 7, 13, '2018-02-02', 3, 0x30),
('2019-11-28', 114, 250, 7, 22, '2019-11-28', 3, 0x30),
('2019-01-11', 119, 100, 2, 7, '2019-01-12', 3, 0x30),
('2019-04-25', 62, 500, 2, 3, '2019-04-26', 3, 0x30),
('2018-01-09', 29, 100, 7, 23, '0000-00-00', 7, 0x30),
('2018-05-25', 3, 500, 2, 2, '0000-00-00', 2, 0x30),
('2019-05-19', 110, 100, 7, 22, '2019-05-20', 3, 0x30),
('2019-08-02', 5, 100, 7, 13, '0000-00-00', 7, 0x30),
('2018-08-18', 38, 250, 7, 23, '2018-08-19', 3, 0x30),
('2019-10-11', 125, 100, 2, 28, '0000-00-00', 2, 0x30),
('2019-06-02', 92, 250, 2, 6, '2019-06-03', 3, 0x30),
('2019-06-13', 66, 100, 7, 20, '2019-06-14', 3, 0x30),
('2019-01-04', 106, 250, 2, 5, '2019-01-05', 3, 0x30),
('2018-09-26', 141, 250, 7, 24, '2018-09-27', 3, 0x30),
('2019-10-04', 120, 100, 7, 18, '2019-10-05', 3, 0x30),
('2019-05-12', 65, 100, 7, 23, '0000-00-00', 7, 0x30),
('2019-10-28', 29, 500, 7, 8, '2019-10-30', 3, 0x30),
('2019-01-25', 44, 100, 2, 19, '2019-01-26', 3, 0x30),
('2018-06-12', 111, 100, 7, 18, '2018-06-13', 3, 0x30),
('2018-12-03', 88, 100, 2, 9, '0000-00-00', 2, 0x30),
('2019-05-18', 107, 100, 7, 8, '2019-05-19', 3, 0x30),
('2018-07-04', 21, 100, 2, 15, '2018-07-05', 3, 0x30),
('2018-02-11', 11, 500, 7, 28, '2018-02-12', 3, 0x30),
('2019-08-09', 133, 100, 2, 18, '2019-08-10', 3, 0x30),
('2019-07-28', 115, 250, 7, 18, '2019-07-28', 3, 0x30),
('2018-11-09', 24, 250, 2, 22, '2018-11-10', 3, 0x30),
('2019-01-28', 56, 250, 2, 17, '2019-01-28', 3, 0x30),
('2019-04-01', 110, 500, 7, 14, '2019-04-02', 3, 0x30),
('2019-04-24', 41, 250, 2, 17, '2019-04-25', 3, 0x30),
('2018-02-15', 26, 100, 2, 28, '0000-00-00', 2, 0x30),
('2018-05-06', 32, 100, 7, 17, '0000-00-00', 7, 0x30),
('2019-01-07', 53, 500, 7, 28, '2019-01-08', 3, 0x30),
('2018-02-09', 134, 250, 2, 21, '2018-02-10', 3, 0x30),
('2018-03-21', 72, 100, 7, 24, '0000-00-00', 7, 0x30),
('2019-04-28', 115, 100, 2, 6, '2019-04-30', 3, 0x30);

-- --------------------------------------------------------

--
-- Tábla szerkezet ehhez a táblához `raktmennyiseg`
--

CREATE TABLE `raktmennyiseg` (
  `termek_min_id` int(10) UNSIGNED NOT NULL,
  `termek_kod` varchar(40) COLLATE utf8_hungarian_ci NOT NULL,
  `termek_kiszerel` int(10) UNSIGNED NOT NULL,
  `termek_mennyiseg` int(10) UNSIGNED NOT NULL,
  `termek_hely` varchar(15) COLLATE utf8_hungarian_ci NOT NULL,
  `termek_medatum` date DEFAULT NULL,
  `termek_memodosit` int(11) DEFAULT NULL,
  `termek_meerveny` binary(1) DEFAULT NULL
) ENGINE=InnoDB DEFAULT CHARSET=utf8 COLLATE=utf8_hungarian_ci;

--
-- A tábla adatainak kiíratása `raktmennyiseg`
--

INSERT INTO `raktmennyiseg` (`termek_min_id`, `termek_kod`, `termek_kiszerel`, `termek_mennyiseg`, `termek_hely`, `termek_medatum`, `termek_memodosit`, `termek_meerveny`) VALUES
(97, '00695-3-48-39', 100, 30, 'IV/H/6.4', '2018-01-03', 3, 0x31),
(10, '007-27G2', 100, 10, 'II/D/12.4', '2017-12-01', 3, 0x30),
(65, '013-18T3', 100, 11, 'III/K/4.8', '2017-12-01', 3, 0x30),
(117, '02474-1-26-45', 100, 11, 'III/B/10.6', '2018-01-03', 3, 0x30),
(35, '025-49V5', 250, 19, 'I/B/9.10', '2017-12-01', 3, 0x31),
(63, '029-27V0', 250, 28, 'II/D/9.6', '2017-12-01', 3, 0x30),
(122, '03109-1-86-38', 500, 16, 'II/H/7.2', '2018-01-03', 3, 0x30),
(35, '032-02S0', 100, 6, 'IV/D/2.5', '2017-12-01', 3, 0x31),
(63, '034-49M9', 100, 8, 'II/K/5.2', '2017-12-01', 3, 0x31),
(92, '046-87H8', 100, 1, 'II/I/10.7', '2017-12-01', 3, 0x31),
(67, '047-29V0', 100, 24, 'IV/F/3.6', '2017-12-01', 3, 0x31),
(56, '051-16R3', 100, 31, 'II/B/6.1', '2017-12-01', 3, 0x31),
(33, '054-72O7', 100, 2, 'I/F/8.10', '2017-12-01', 3, 0x31),
(55, '061-59A4', 100, 7, 'I/D/2.8', '2017-12-01', 3, 0x31),
(85, '079-70E1', 100, 17, 'I/K/1.1', '2017-12-01', 3, 0x31),
(39, '081-21E1', 100, 3, 'III/G/1.6', '2017-12-01', 3, 0x31),
(56, '087-46L2', 500, 9, 'III/C/3.10', '2017-12-01', 3, 0x31),
(121, '09034-0-64-79', 100, 17, 'I/J/2.7', '2018-01-03', 3, 0x31),
(72, '091-76K2', 100, 15, 'II/B/1.7', '2017-12-01', 3, 0x31),
(30, '106-10z6', 250, 0, 'IV/K/3.6', '2017-12-01', 3, 0x30),
(32, '106-77S5', 100, 11, 'II/E/1.10', '2017-12-01', 3, 0x31),
(46, '106-78P0', 100, 3, 'I/G/1.2', '2017-12-01', 3, 0x30),
(119, '10630-4-98-09', 100, 28, 'II/K/1.9', '2018-01-03', 3, 0x31),
(58, '115-40B6', 250, 20, 'I/G/11.6', '2017-12-01', 3, 0x31),
(96, '11616-8-00-77', 100, 5, 'II/K/4.9', '2018-01-03', 3, 0x31),
(121, '11845-6-20-67', 500, 17, 'IV/G/3.4', '2018-01-03', 3, 0x31),
(91, '119-17E0', 250, 3, 'IV/F/7.8', '2017-12-01', 3, 0x31),
(30, '127-48M0', 100, 1, 'IV/J/7.7', '2017-12-01', 3, 0x31),
(65, '129-22J9', 250, 9, 'II/F/10.2', '2017-12-01', 3, 0x31),
(43, '129-32T7', 250, 4, 'II/F/2.10', '2017-12-01', 3, 0x31),
(47, '140-22P3', 100, 8, 'II/J/8.5', '2017-12-01', 3, 0x30),
(117, '14309-3-91-74', 250, 21, 'III/H/5.3', '2018-01-03', 3, 0x31),
(7, '145-11H8', 100, 8, 'II/B/7.2', '2017-12-01', 3, 0x31),
(51, '156-05M5', 100, 16, 'II/K/3.5', '2017-12-01', 3, 0x31),
(93, '15924-4-70-48', 250, 17, 'I/F/12.2', '2018-01-03', 3, 0x31),
(49, '164-73D7', 500, 17, 'III/G/3.6', '2017-12-01', 3, 0x31),
(53, '167-41Y5', 500, 9, 'IV/C/4.2', '2017-12-01', 3, 0x31),
(28, '172-68V5', 100, 24, 'II/F/6.5', '2017-12-01', 3, 0x31),
(99, '17340-8-92-62', 100, 26, 'IV/I/7.4', '2018-01-03', 3, 0x31),
(69, '174-30X8', 100, 29, 'II/J/6.4', '2017-12-01', 3, 0x31),
(57, '179-47K8', 100, 27, 'III/A/12.10', '2017-12-01', 3, 0x31),
(116, '18480-6-10-70', 250, 11, 'IV/F/5.1', '2018-01-03', 3, 0x31),
(49, '195-41I5', 250, 23, 'II/K/8.5', '2017-12-01', 3, 0x30),
(21, '204-46z5', 500, 14, 'II/D/11.8', '2017-12-01', 3, 0x30),
(19, '205-00X5', 250, 22, 'III/K/2.1', '2017-12-01', 3, 0x31),
(2, '206-08I3', 100, 20, 'III/D/2.5', '2017-12-01', 3, 0x31),
(74, '220-53R3', 100, 13, 'IV/E/7.8', '2017-12-01', 3, 0x31),
(6, '223-54A6', 100, 14, 'II/C/5.8', '2017-12-01', 3, 0x31),
(118, '22516-3-07-68', 250, 23, 'III/I/5.3', '2018-01-03', 3, 0x30),
(21, '229-24J3', 250, 9, 'I/A/1.7', '2017-12-01', 3, 0x30),
(121, '22942-6-29-97', 250, 17, 'I/G/9.4', '2018-01-03', 3, 0x31),
(80, '232-43O5', 100, 10, 'IV/B/10.2', '2017-12-01', 3, 0x31),
(115, '23449-3-19-84', 100, 25, 'III/H/12.4', '2018-01-03', 3, 0x31),
(70, '236-06B8', 250, 20, 'I/A/11.6', '2017-12-01', 3, 0x31),
(42, '236-92M1', 100, 11, 'II/F/6.6', '2017-12-01', 3, 0x30),
(108, '23820-8-85-81', 100, 12, 'III/I/2.1', '2018-01-03', 3, 0x31),
(44, '242-19A7', 100, 18, 'I/F/4.10', '2017-12-01', 3, 0x31),
(88, '243-30B0', 100, 1, 'I/G/3.10', '2017-12-01', 3, 0x31),
(4, '244-55W9', 250, 16, 'II/E/4.5', '2017-12-01', 3, 0x31),
(53, '245-41z2', 250, 12, 'II/G/7.1', '2017-12-01', 3, 0x30),
(111, '25076-7-58-93', 100, 15, 'IV/D/3.9', '2018-01-03', 3, 0x31),
(99, '25140-1-79-54', 500, 18, 'III/C/5.4', '2018-01-03', 3, 0x31),
(111, '25178-7-75-55', 250, 9, 'IV/G/3.5', '2018-01-03', 3, 0x31),
(20, '255-23X6', 250, 14, 'IV/I/8.4', '2017-12-01', 3, 0x30),
(31, '255-81L8', 100, 15, 'I/F/9.1', '2017-12-01', 3, 0x31),
(101, '26332-4-95-54', 100, 14, 'II/B/4.6', '2018-01-03', 3, 0x31),
(84, '266-23N9', 100, 31, 'III/B/6.8', '2017-12-01', 3, 0x31),
(101, '26612-4-60-88', 250, 4, 'IV/F/11.1', '2018-01-03', 3, 0x31),
(11, '281-95H7', 500, 23, 'II/A/9.6', '2017-12-01', 3, 0x31),
(62, '289-70I5', 500, 20, 'II/D/10.3', '2017-12-01', 3, 0x31),
(102, '29270-3-23-83', 100, 18, 'IV/C/12.3', '2018-01-03', 3, 0x31),
(106, '29524-5-50-26', 250, 0, 'IV/G/7.7', '2018-01-03', 3, 0x30),
(10, '300-61P2', 250, 17, 'IV/G/12.2', '2017-12-01', 3, 0x30),
(17, '306-71N5', 100, 12, 'IV/D/1.8', '2017-12-01', 3, 0x31),
(38, '311-05T2', 250, 29, 'II/D/8.3', '2017-12-01', 3, 0x31),
(58, '311-65S2', 100, 9, 'III/H/4.1', '2017-12-01', 3, 0x31),
(112, '31733-9-99-03', 250, 12, 'II/B/11.9', '2018-01-03', 3, 0x31),
(87, '325-51C1', 250, 27, 'II/J/6.3', '2017-12-01', 3, 0x31),
(4, '327-32Q5', 500, 15, 'III/G/2.6', '2017-12-01', 3, 0x31),
(83, '329-51H7', 100, 18, 'I/K/1.2', '2017-12-01', 3, 0x30),
(79, '337-46E6', 100, 12, 'I/B/5.7', '2017-12-01', 3, 0x31),
(8, '343-27J3', 100, 14, 'I/H/1.2', '2017-12-01', 3, 0x31),
(113, '34480-7-17-26', 100, 30, 'I/D/7.7', '2018-01-03', 3, 0x30),
(66, '366-64z8', 250, 11, 'I/A/5.2', '2017-12-01', 3, 0x31),
(117, '36684-1-67-21', 500, 20, 'I/I/6.6', '2018-01-03', 3, 0x31),
(42, '368-25U4', 500, 20, 'I/B/3.3', '2017-12-01', 3, 0x31),
(24, '377-06W1', 250, 6, 'III/H/4.6', '2017-12-01', 3, 0x31),
(91, '378-84T6', 100, 3, 'I/A/12.2', '2017-12-01', 3, 0x31),
(32, '380-09N4', 500, 19, 'IV/E/6.9', '2017-12-01', 3, 0x30),
(103, '38327-2-33-84', 250, 3, 'I/C/7.10', '2018-01-03', 3, 0x30),
(76, '388-72Y6', 250, 1, 'IV/A/3.6', '2017-12-01', 3, 0x31),
(29, '393-98Q3', 100, 22, 'IV/H/9.5', '2017-12-01', 3, 0x30),
(23, '400-90E0', 250, 18, 'II/A/1.2', '2017-12-01', 3, 0x30),
(90, '406-17Y1', 100, 15, 'II/B/1.6', '2017-12-01', 3, 0x31),
(13, '413-48O5', 100, 13, 'IV/H/11.7', '2017-12-01', 3, 0x31),
(7, '414-29S9', 250, 25, 'III/A/10.2', '2017-12-01', 3, 0x30),
(114, '41656-4-37-26', 250, 22, 'II/A/4.8', '2018-01-03', 3, 0x31),
(3, '419-80G3', 250, 12, 'I/E/6.2', '2017-12-01', 3, 0x31),
(71, '419-88E0', 500, 4, 'II/K/2.10', '2017-12-01', 3, 0x30),
(65, '423-27Q0', 500, 17, 'I/J/1.3', '2017-12-01', 3, 0x31),
(82, '437-69I8', 100, 10, 'IV/C/10.2', '2017-12-01', 3, 0x31),
(79, '438-56J0', 250, 6, 'III/A/9.6', '2017-12-01', 3, 0x31),
(70, '441-37V7', 100, 15, 'III/E/5.7', '2017-12-01', 3, 0x31),
(106, '44607-4-42-81', 100, 18, 'IV/A/1.7', '2018-01-03', 3, 0x31),
(99, '44913-6-77-76', 250, 4, 'III/D/8.9', '2018-01-03', 3, 0x31),
(12, '455-86Y8', 100, 18, 'III/A/9.9', '2017-12-01', 3, 0x31),
(22, '458-31W5', 100, 7, 'IV/G/6.5', '2017-12-01', 3, 0x30),
(71, '460-09K2', 100, 18, 'III/G/10.9', '2017-12-01', 3, 0x31),
(93, '46201-5-98-53', 100, 15, 'II/B/5.8', '2018-01-03', 3, 0x31),
(70, '463-42P1', 500, 16, 'II/G/11.9', '2017-12-01', 3, 0x31),
(92, '464-22B2', 250, 2, 'IV/D/2.9', '2017-12-01', 3, 0x31),
(122, '46492-5-46-04', 100, 20, 'II/G/11.1', '2018-01-03', 3, 0x31),
(19, '469-30E9', 100, 8, 'IV/B/2.3', '2017-12-01', 3, 0x31),
(86, '476-59Q3', 100, 13, 'IV/I/4.7', '2017-12-01', 3, 0x30),
(118, '47602-4-85-95', 500, 5, 'I/A/2.2', '2018-01-03', 3, 0x31),
(20, '479-33F2', 100, 29, 'I/D/9.7', '2017-12-01', 3, 0x31),
(62, '483-79D1', 100, 6, 'II/G/2.4', '2017-12-01', 3, 0x31),
(3, '490-02F4', 100, 12, 'I/I/11.8', '2017-12-01', 3, 0x31),
(33, '490-16J3', 250, 12, 'III/D/5.5', '2017-12-01', 3, 0x31),
(112, '49181-1-30-76', 100, 16, 'IV/A/8.6', '2018-01-03', 3, 0x31),
(122, '49621-6-59-88', 250, 17, 'I/D/5.9', '2018-01-03', 3, 0x31),
(86, '497-13Y1', 250, 21, 'IV/C/7.5', '2017-12-01', 3, 0x31),
(55, '505-66C6', 250, 26, 'II/A/4.6', '2017-12-01', 3, 0x31),
(34, '519-31T9', 100, 5, 'II/G/3.8', '2017-12-01', 3, 0x31),
(76, '524-64z2', 500, 7, 'I/H/11.4', '2017-12-01', 3, 0x30),
(97, '52609-0-19-14', 250, 14, 'I/E/3.8', '2018-01-03', 3, 0x31),
(11, '531-47C8', 250, 13, 'II/H/5.7', '2017-12-01', 3, 0x30),
(37, '532-40W4', 100, 23, 'I/B/6.10', '2017-12-01', 3, 0x30),
(52, '533-94C6', 100, 30, 'IV/J/1.10', '2017-12-01', 3, 0x30),
(73, '535-88E9', 100, 5, 'III/H/10.7', '2017-12-01', 3, 0x30),
(12, '545-78L7', 250, 13, 'III/B/7.3', '2017-12-01', 3, 0x31),
(81, '552-09C4', 100, 14, 'II/I/12.9', '2017-12-01', 3, 0x31),
(95, '56449-8-58-53', 250, 20, 'III/E/10.7', '2018-01-03', 3, 0x31),
(100, '57248-0-26-05', 250, 28, 'I/B/7.4', '2018-01-03', 3, 0x31),
(5, '574-34J5', 100, 5, 'IV/B/3.2', '2017-12-01', 3, 0x31),
(94, '57462-9-35-07', 100, 29, 'IV/J/10.8', '2018-01-03', 3, 0x31),
(38, '577-31M8', 100, 8, 'I/H/8.5', '2017-12-01', 3, 0x31),
(90, '578-74J1', 250, 20, 'III/A/6.8', '2017-12-01', 3, 0x31),
(110, '58390-7-57-64', 500, 24, 'IV/K/9.2', '2018-01-03', 3, 0x31),
(36, '585-54S2', 100, 31, 'IV/B/7.10', '2017-12-01', 3, 0x31),
(81, '588-04D2', 250, 26, 'IV/F/8.4', '2017-12-01', 3, 0x30),
(16, '588-17R7', 100, 15, 'I/D/7.2', '2017-12-01', 3, 0x30),
(61, '589-18R0', 100, 31, 'I/K/2.6', '2017-12-01', 3, 0x31),
(98, '59031-5-82-33', 100, 29, 'IV/G/6.1', '2018-01-03', 3, 0x31),
(48, '605-21L6', 100, 8, 'IV/I/10.3', '2017-12-01', 3, 0x30),
(83, '609-36I9', 250, 10, 'I/H/11.7', '2017-12-01', 3, 0x31),
(14, '610-26Y2', 100, 9, 'IV/C/11.2', '2017-12-01', 3, 0x31),
(40, '615-11T2', 250, 24, 'II/K/6.5', '2017-12-01', 3, 0x31),
(29, '616-43T2', 250, 20, 'III/I/3.10', '2017-12-01', 3, 0x31),
(113, '62173-1-58-30', 500, 12, 'IV/K/8.2', '2018-01-03', 3, 0x31),
(100, '62597-6-59-57', 100, 10, 'III/D/12.2', '2018-01-03', 3, 0x31),
(53, '626-70R5', 100, 26, 'I/D/7.5', '2017-12-01', 3, 0x31),
(76, '628-74P5', 100, 15, 'I/E/6.6', '2017-12-01', 3, 0x31),
(52, '631-36E4', 250, 12, 'I/K/2.10', '2017-12-01', 3, 0x31),
(112, '63148-6-10-25', 500, 15, 'III/K/3.8', '2018-01-03', 3, 0x30),
(89, '632-77U6', 100, 21, 'II/C/3.6', '2017-12-01', 3, 0x30),
(29, '637-71X5', 500, 3, 'I/J/2.6', '2017-12-01', 3, 0x31),
(116, '63716-9-58-52', 100, 27, 'III/H/1.10', '2018-01-03', 3, 0x30),
(66, '639-38A1', 500, 12, 'I/K/3.4', '2017-12-01', 3, 0x31),
(8, '641-68W9', 250, 8, 'I/D/8.2', '2017-12-01', 3, 0x31),
(1, '651-42z0', 250, 5, 'III/H/3.9', '2017-12-01', 3, 0x30),
(43, '657-75S3', 100, 18, 'II/H/12.3', '2017-12-01', 3, 0x31),
(68, '662-79T4', 100, 24, 'I/A/3.4', '2017-12-01', 3, 0x31),
(24, '672-37W4', 100, 23, 'I/J/2.10', '2017-12-01', 3, 0x31),
(91, '678-01M2', 500, 6, 'IV/I/8.3', '2017-12-01', 3, 0x31),
(82, '678-45M3', 250, 30, 'II/K/2.4', '2017-12-01', 3, 0x31),
(77, '679-31N0', 100, 23, 'III/J/11.2', '2017-12-01', 3, 0x31),
(59, '681-53D2', 500, 31, 'II/G/9.9', '2017-12-01', 3, 0x31),
(54, '682-08J8', 100, 16, 'III/B/9.2', '2017-12-01', 3, 0x31),
(4, '688-81A7', 100, 31, 'III/G/5.10', '2017-12-01', 3, 0x31),
(26, '691-81z7', 100, 28, 'III/K/5.4', '2017-12-01', 3, 0x31),
(21, '696-83J7', 100, 16, 'III/A/10.8', '2017-12-01', 3, 0x31),
(40, '697-75W3', 100, 20, 'IV/H/5.6', '2017-12-01', 3, 0x31),
(120, '70312-9-12-15', 100, 9, 'III/J/9.9', '2018-01-03', 3, 0x31),
(3, '709-83T4', 500, 8, 'III/I/9.3', '2017-12-01', 3, 0x31),
(95, '70911-2-26-19', 500, 30, 'III/C/1.1', '2018-01-03', 3, 0x31),
(86, '714-48z8', 500, 16, 'I/K/6.10', '2017-12-01', 3, 0x30),
(105, '71633-4-81-92', 100, 22, 'II/E/8.7', '2018-01-03', 3, 0x31),
(79, '719-41O4', 500, 27, 'III/F/11.1', '2017-12-01', 3, 0x31),
(45, '721-23G2', 100, 11, 'II/I/1.6', '2017-12-01', 3, 0x31),
(115, '72131-5-48-56', 500, 26, 'I/F/3.6', '2018-01-03', 3, 0x31),
(71, '722-42U4', 250, 11, 'I/B/3.2', '2017-12-01', 3, 0x31),
(34, '725-54A4', 250, 0, 'III/H/5.9', '2017-12-01', 3, 0x31),
(66, '731-14B0', 100, 31, 'II/A/5.10', '2017-12-01', 3, 0x31),
(52, '733-38D7', 500, 7, 'IV/J/1.5', '2017-12-01', 3, 0x31),
(55, '735-14Y7', 500, 23, 'IV/G/11.3', '2017-12-01', 3, 0x31),
(59, '740-55M0', 250, 4, 'I/H/12.1', '2017-12-01', 3, 0x31),
(42, '743-21D2', 250, 22, 'II/A/6.3', '2017-12-01', 3, 0x31),
(18, '743-41D6', 100, 29, 'II/H/5.8', '2017-12-01', 3, 0x31),
(78, '745-29T9', 100, 6, 'III/F/2.3', '2017-12-01', 3, 0x30),
(78, '745-72z7', 250, 3, 'I/D/10.7', '2017-12-01', 3, 0x31),
(115, '75559-6-48-20', 250, 22, 'II/J/11.6', '2018-01-03', 3, 0x31),
(6, '758-30H7', 250, 11, 'IV/K/2.9', '2017-12-01', 3, 0x31),
(62, '760-59C1', 250, 13, 'II/G/7.10', '2017-12-01', 3, 0x30),
(1, '761-92J6', 100, 1, 'I/F/12.7', '2017-12-01', 3, 0x31),
(87, '768-14K2', 100, 22, 'III/D/10.7', '2017-12-01', 3, 0x31),
(98, '77086-8-18-34', 250, 3, 'III/D/3.4', '2018-01-03', 3, 0x31),
(57, '772-85S2', 500, 7, 'II/F/2.2', '2017-12-01', 3, 0x31),
(98, '77562-8-04-12', 500, 24, 'IV/H/12.10', '2018-01-03', 3, 0x30),
(104, '78091-8-64-32', 250, 26, 'III/K/1.10', '2018-01-03', 3, 0x31),
(64, '781-68Y1', 250, 22, 'I/G/2.10', '2017-12-01', 3, 0x31),
(63, '803-22J5', 500, 7, 'I/A/1.3', '2017-12-01', 3, 0x31),
(10, '806-07A1', 500, 1, 'I/B/7.5', '2017-12-01', 3, 0x31),
(56, '807-68B4', 250, 7, 'I/H/1.9', '2017-12-01', 3, 0x31),
(23, '810-45F5', 100, 7, 'II/C/9.9', '2017-12-01', 3, 0x31),
(110, '81344-0-76-07', 100, 16, 'IV/H/7.3', '2018-01-03', 3, 0x31),
(75, '814-12D6', 500, 29, 'II/J/12.7', '2017-12-01', 3, 0x31),
(75, '824-90P1', 250, 6, 'I/A/7.3', '2017-12-01', 3, 0x31),
(25, '831-02S8', 100, 29, 'III/K/11.10', '2017-12-01', 3, 0x30),
(92, '832-42Y1', 500, 11, 'IV/H/4.7', '2017-12-01', 3, 0x31),
(41, '849-48P5', 100, 16, 'IV/C/6.9', '2017-12-01', 3, 0x31),
(15, '849-55X3', 100, 12, 'II/G/11.3', '2017-12-01', 3, 0x31),
(11, '851-07Q4', 100, 8, 'II/I/5.8', '2017-12-01', 3, 0x31),
(49, '857-04S1', 100, 27, 'III/F/8.6', '2017-12-01', 3, 0x31),
(94, '85765-0-98-25', 250, 9, 'IV/I/5.7', '2018-01-03', 3, 0x31),
(9, '863-79H6', 100, 18, 'IV/A/11.9', '2017-12-01', 3, 0x31),
(50, '873-06O0', 100, 16, 'II/D/5.7', '2017-12-01', 3, 0x30),
(113, '87484-2-10-77', 250, 27, 'III/D/9.6', '2018-01-03', 3, 0x31),
(75, '877-20W5', 100, 1, 'II/D/1.8', '2017-12-01', 3, 0x31),
(30, '884-34W8', 500, 28, 'I/E/12.4', '2017-12-01', 3, 0x31),
(103, '88712-7-03-53', 100, 11, 'I/A/8.5', '2018-01-03', 3, 0x31),
(107, '89202-2-12-60', 100, 2, 'II/E/8.4', '2018-01-03', 3, 0x30),
(60, '896-18R3', 100, 28, 'I/B/1.4', '2017-12-01', 3, 0x31),
(104, '90179-0-22-45', 100, 30, 'IV/B/10.8', '2018-01-03', 3, 0x31),
(22, '902-36W6', 250, 25, 'III/C/7.7', '2017-12-01', 3, 0x31),
(37, '904-49z7', 500, 26, 'I/I/12.4', '2017-12-01', 3, 0x30),
(64, '905-93W9', 100, 17, 'II/D/12.8', '2017-12-01', 3, 0x31),
(27, '909-82R6', 100, 11, 'IV/J/11.3', '2017-12-01', 3, 0x31),
(119, '91029-1-32-50', 250, 29, 'IV/K/12.4', '2018-01-03', 3, 0x31),
(41, '912-93H3', 250, 28, 'I/C/5.7', '2017-12-01', 3, 0x31),
(114, '92033-1-29-83', 100, 30, 'I/E/9.6', '2018-01-03', 3, 0x31),
(40, '924-50z6', 500, 12, 'II/F/7.9', '2017-12-01', 3, 0x31),
(47, '925-04Q4', 250, 14, 'I/K/8.2', '2017-12-01', 3, 0x30),
(110, '92541-2-24-09', 250, 3, 'III/H/3.10', '2018-01-03', 3, 0x31),
(32, '937-96J2', 250, 29, 'I/K/1.4', '2017-12-01', 3, 0x31),
(118, '93975-0-72-30', 100, 0, 'II/H/12.1', '2018-01-03', 3, 0x31),
(95, '95535-8-56-64', 100, 23, 'IV/B/8.2', '2018-01-03', 3, 0x31),
(105, '95699-2-03-63', 250, 19, 'II/F/4.4', '2018-01-03', 3, 0x31),
(57, '959-91G4', 250, 21, 'III/D/12.5', '2017-12-01', 3, 0x31),
(59, '960-87T7', 100, 6, 'III/E/8.5', '2017-12-01', 3, 0x31),
(28, '961-69Y7', 250, 0, 'II/A/1.8', '2017-12-01', 3, 0x31),
(109, '97407-5-45-89', 100, 22, 'IV/F/4.4', '2018-01-03', 3, 0x31),
(82, '976-16R9', 500, 3, 'I/B/8.2', '2017-12-01', 3, 0x30),
(31, '981-35W0', 250, 20, 'I/G/7.4', '2017-12-01', 3, 0x31),
(37, '981-41U6', 250, 17, 'II/D/9.7', '2017-12-01', 3, 0x31),
(139, 'BBO-6425-165', 100, 4, 'III/I/9.6', '2018-03-22', 3, 0x31),
(141, 'CRW-7463-987', 250, 13, 'II/J/4.1', '2018-03-22', 3, 0x31),
(131, 'CUG-7932-387', 250, 15, 'IV/K/6.1', '2018-03-22', 3, 0x31),
(124, 'DOR-7162-266', 250, 6, 'III/I/4.8', '2018-03-22', 3, 0x31),
(129, 'DXL-3391-781', 250, 5, 'IV/C/8.4', '2018-03-22', 3, 0x31),
(132, 'DYU-6375-806', 100, 29, 'II/F/12.9', '2018-03-22', 3, 0x31),
(134, 'EBX-8684-290', 500, 20, 'I/I/8.1', '2018-03-22', 3, 0x31),
(135, 'EFG-3427-856', 100, 16, 'I/J/10.4', '2018-03-22', 3, 0x31),
(133, 'FCK-6676-759', 100, 1, 'IV/C/6.6', '2018-03-22', 3, 0x31),
(142, 'FFX-6444-527', 100, 7, 'IV/F/6.10', '2018-03-22', 3, 0x31),
(123, 'FKE-7963-009', 250, 10, 'I/D/4.4', '2018-03-22', 3, 0x31),
(131, 'FSL-8077-309', 500, 11, 'II/D/2.1', '2018-03-22', 3, 0x31),
(129, 'GDH-7024-721', 500, 17, 'IV/J/5.9', '2018-03-22', 3, 0x30),
(132, 'GER-4873-087', 250, 0, 'IV/J/12.8', '2018-03-22', 3, 0x31),
(123, 'ICF-6158-040', 100, 13, 'IV/D/4.7', '2018-03-22', 3, 0x31),
(134, 'IPV-3867-214', 100, 0, 'I/B/7.7', '2018-03-22', 3, 0x31),
(133, 'IWS-3748-622', 250, 26, 'I/A/6.7', '2018-03-22', 3, 0x30),
(130, 'JDJ-8667-445', 500, 18, 'IV/A/8.9', '2018-03-22', 3, 0x31),
(124, 'KAK-4348-236', 500, 8, 'IV/I/5.8', '2018-03-22', 3, 0x30),
(126, 'KQA-6576-435', 100, 11, 'II/E/4.10', '2018-03-22', 3, 0x31),
(141, 'MRS-8087-364', 100, 23, 'II/C/11.6', '2018-03-22', 3, 0x31),
(138, 'NCJ-5298-905', 500, 4, 'I/D/3.2', '2018-03-22', 3, 0x31),
(137, 'OFN-8471-258', 100, 6, 'III/I/1.5', '2018-03-22', 3, 0x31),
(140, 'OHI-6375-878', 100, 4, 'I/D/7.4', '2018-03-22', 3, 0x31),
(124, 'PAI-6798-304', 100, 2, 'IV/H/6.2', '2018-03-22', 3, 0x30),
(129, 'PKV-0832-053', 100, 11, 'II/F/6.8', '2018-03-22', 3, 0x31),
(127, 'PXC-8528-382', 250, 31, 'IV/D/3.4', '2018-03-22', 3, 0x31),
(136, 'RHO-8978-191', 250, 6, 'IV/A/1.3', '2018-03-22', 3, 0x31),
(138, 'SMV-7423-675', 250, 20, 'III/G/9.3', '2018-03-22', 3, 0x31),
(136, 'TBU-0048-253', 500, 30, 'IV/I/3.1', '2018-03-22', 3, 0x31),
(128, 'TVK-8507-920', 250, 18, 'III/E/7.6', '2018-03-22', 3, 0x31),
(134, 'UFH-4557-373', 250, 12, 'IV/E/10.1', '2018-03-22', 3, 0x31),
(125, 'UNB-3641-666', 100, 13, 'II/D/9.5', '2018-03-22', 3, 0x31),
(128, 'VTS-5261-788', 100, 28, 'II/F/6.7', '2018-03-22', 3, 0x31),
(130, 'VUS-9468-142', 100, 12, 'I/E/1.8', '2018-03-22', 3, 0x30),
(132, 'VYT-4358-990', 500, 2, 'IV/G/3.2', '2018-03-22', 3, 0x30),
(131, 'WAI-5673-822', 100, 13, 'II/E/11.7', '2018-03-22', 3, 0x30),
(130, 'WCJ-1048-460', 250, 7, 'II/D/11.5', '2018-03-22', 3, 0x31),
(136, 'WCR-7397-045', 100, 30, 'III/F/1.3', '2018-03-22', 3, 0x31),
(138, 'WMH-2624-236', 100, 24, 'I/E/9.2', '2018-03-22', 3, 0x31),
(128, 'YAC-1002-290', 500, 20, 'IV/E/4.6', '2018-03-22', 3, 0x31),
(127, 'zTR-9752-878', 100, 13, 'IV/K/11.9', '2018-03-22', 3, 0x31);

-- --------------------------------------------------------

--
-- Tábla szerkezet ehhez a táblához `raktminoseg`
--

CREATE TABLE `raktminoseg` (
  `termek_min_id` int(10) UNSIGNED NOT NULL,
  `termek_nev` varchar(30) COLLATE utf8_hungarian_ci NOT NULL,
  `beszallito_id` varchar(30) COLLATE utf8_hungarian_ci NOT NULL,
  `termek_leir` varchar(100) COLLATE utf8_hungarian_ci DEFAULT NULL,
  `termek_egyseg` varchar(15) COLLATE utf8_hungarian_ci NOT NULL,
  `termek_veszely` int(10) UNSIGNED NOT NULL,
  `termek_biztons` varchar(60) COLLATE utf8_hungarian_ci NOT NULL,
  `termek_midatum` date DEFAULT NULL,
  `termek_mimodosit` int(11) DEFAULT NULL,
  `termek_mierveny` binary(1) DEFAULT NULL
) ENGINE=InnoDB DEFAULT CHARSET=utf8 COLLATE=utf8_hungarian_ci;

--
-- A tábla adatainak kiíratása `raktminoseg`
--

INSERT INTO `raktminoseg` (`termek_min_id`, `termek_nev`, `beszallito_id`, `termek_leir`, `termek_egyseg`, `termek_veszely`, `termek_biztons`, `termek_midatum`, `termek_mimodosit`, `termek_mierveny`) VALUES
(1, '1-3-Dioxolán', 'novochem', 'Kémiai színtézek', 'mililiter', 2, '1-3 Dioxolan.pdf', '2019-01-27', 1, 0x31),
(2, '1-4 Dioxán', 'novochem', 'Kémiai szintézisek', 'mililiter', 4, '1-4 Dioxan stab.pdf', '2012-01-01', 3, 0x31),
(3, '1-Butanol', 'novochem', 'Általános vegyszer, színtzétishez', 'mililiter', 4, '1 butanol.pdf', '2012-01-01', 3, 0x31),
(4, '2-Butanol', 'novochem', 'Általános vegyszer, színtzétishez', 'mililiter', 4, '2 butanol.pdf', '2012-01-01', 3, 0x31),
(5, '2-Etil-Hexanol', 'novochem', 'Kémiai tisztítás', 'mililiter', 4, '2-Etil-hexanol.pdf', '2012-01-01', 3, 0x31),
(6, '2-Etil-Hexánsav', 'novochem', 'Kémiai szintézisek', 'mililiter', 1, '2-Etil-hexansav.pdf', '2012-01-01', 3, 0x31),
(7, '2-Etoxi-Etanol', 'novochem', 'Etilén-glikol-Monoetil-éter, reagens', 'mililiter', 10, '2-Etoxietanol.pdf', '2012-01-01', 4, 0x31),
(8, 'Metil-Butanol', 'novochem', '3-Metil-Butan-1-ol, oldószer', 'mililiter', 5, '3-Metil-butanol-1.pdf', '2012-01-01', 1, 0x31),
(9, 'Aceton', 'novochem', 'Oldószer', 'mililiter', 4, 'Aceton.pdf', '2012-01-01', 1, 0x31),
(10, 'Alumínium-hidroxid', 'novochem', 'Katalizátor, pigment, töltőanyag', 'gramm', 0, 'Aluminium-hidroxid.pdf', '2012-01-01', 4, 0x31),
(11, 'Alumínium-oxid', 'novochem', 'Kémiai intermedier', 'gramm', 0, 'Aluminium-oxid.pdf', '2012-01-01', 3, 0x31),
(12, 'Ammónium molibdenát', 'novochem', 'Kémiai színtézek', 'gramm', 0, 'Ammonium molibdenat.pdf', '2012-01-01', 3, 0x31),
(13, 'Ammónium-nitrát', 'novochem', 'Speciális növényi tápanyag', 'gramm', 2, 'Ammonium nitrat 34sz.pdf', '2012-01-01', 3, 0x31),
(14, 'Ammónium-hidroxid', 'novochem', 'Kémiai segédanyag', 'mililiter', 6, 'Ammonium-hidroxid.pdf', '2012-01-01', 3, 0x31),
(15, 'Ammónium-klorid', 'novochem', 'Kémiai segédanyag', 'mililiter', 2, 'Ammonium-klorid.pdf', '2012-01-01', 3, 0x31),
(16, 'Ammónium-molibdát', 'novochem', 'Ammónium-molibdát-tetrahidrát, Növényi tápanyag, katalizátor', 'gramm', 3, 'Ammonium-molibdat.pdf', '2012-01-01', 3, 0x31),
(17, 'Ammónium-perszulfát', 'novochem', 'Oxidálószer, polimerizáció iniciátor', 'gramm', 7, 'Ammonium-perszulfat.pdf', '2012-01-01', 3, 0x31),
(18, 'Aszkorbinsav', 'novochem', 'Anyagcsere intermedier', 'gramm', 0, 'Aszkorbinsav.pdf', '2012-01-01', 3, 0x31),
(19, 'Bárium-karbonát', 'novochem', 'Vegyipari szítézisek, kerámiaipar, üvegipar', 'gramm', 1, 'Barium-karbonat.pdf', '2012-01-01', 4, 0x31),
(20, 'Benzoesav', 'novochem', 'Ipari adalék, tartosítószer', 'gramm', 3, 'Benzoesav.pdf', '2012-01-01', 4, 0x31),
(21, 'Bórax dekahidrát', 'novochem', 'Nátrium-tetraborát-dekahidrát, ipari adalék', 'gramm', 0, 'Borax dekahidrat.pdf', '2012-01-01', 4, 0x31),
(22, 'Bórsav', 'novochem', 'Biocid, komplexképző, műtrágya, pH stabilizátor', 'gramm', 1, 'Borsav.pdf', '2012-01-01', 3, 0x31),
(23, 'Butil-hidroxi-toluol', 'novochem', 'Élelmiszer és gyógyszeripari reagens', 'gramm', 1, 'Butil-hidroxi-toluol.pdf', '2012-01-01', 3, 0x31),
(24, 'Cink-klorid', 'novochem', 'Vízmentes! Felületaktív anyag, fagyásgátló', 'gramm', 4, 'Cink-klorid.pdf', '2012-01-01', 3, 0x31),
(25, 'Cink-oxid', 'novochem', 'Gyógyszeradalék', 'gramm', 1, 'Cink-oxid.pdf', '2012-01-01', 3, 0x31),
(26, 'Cink-szulfát monohidrát', 'novochem', 'Szintézis intermedier', 'gramm', 4, 'Cink-szulfat monohidrat.pdf', '2012-01-01', 3, 0x31),
(27, 'Citromsav monohidrát', 'novochem', 'Élelmiszergyártás, tisztítószer', 'gramm', 1, 'Citromsav monohidrat.pdf', '2012-01-01', 3, 0x31),
(28, 'Diaceton-alkohol', 'novochem', 'Szerveskémiai intermedier, oldószer', 'mililiter', 2, 'Diaceton-alkohol.pdf', '2012-01-01', 3, 0x31),
(29, 'Diammónium-hidrogén-foszfát', 'novochem', 'Élelmiszeripari felhaználás', 'mililiter', 0, 'Diammonium-hidrogen-foszfat.pdf', '2012-01-01', 3, 0x31),
(30, 'Dietil-éter', 'novochem', 'Szervesipari oldószer', 'mililiter', 3, 'Dietil-eter.pdf', '2012-01-01', 3, 0x31),
(31, 'Diklór-metán', 'novochem', 'Szervesipari oldószer', 'mililiter', 4, 'Diklor-metan.pdf', '2012-01-01', 3, 0x31),
(32, 'Dimetil-etanolamin', 'novochem', '(N,N)2-Dimetilaminoetanol; vegyipari színtézisekhez', 'mililiter', 6, 'Dimetiletanolamin S.pdf', '2012-01-01', 3, 0x31),
(33, 'Ecetsav', 'novochem', 'Tisztítószer, szerves oldószer', 'mililiter', 2, 'Ecetsav.pdf', '2012-01-01', 3, 0x31),
(34, 'EDTA', 'novochem', 'EDTA-dinátrium, vegyi alapanyag', 'gramm', 4, 'EDTA.pdf', '2012-01-01', 3, 0x31),
(35, 'Etil-acetát', 'novochem', 'Ipari oldószer', 'mililiter', 3, 'Etil-acetat.pdf', '2012-01-01', 3, 0x31),
(36, 'Etil-diglikol', 'novochem', 'Oldószer', 'mililiter', 0, 'Etil-diglikol.pdf', '2012-01-01', 3, 0x31),
(37, 'Etilén-glikol', 'novochem', 'Kémiai alapanyag, víztisztítószer', 'mililiter', 2, 'Etilen-glikol.pdf', '2012-01-01', 3, 0x31),
(38, 'Fitohorm Standard tápoldat', 'novochem', 'Növényi kallusz-tápanyag', 'mililiter', 0, 'Fitohorm Standard.pdf', '2012-01-01', 3, 0x31),
(39, 'Formaldehid 37%', 'novochem', 'Kémiai oldószer, alapanyag', 'mililiter', 10, 'Formaldehid 37%.pdf', '2012-01-01', 3, 0x31),
(40, 'Foszforsav', 'novochem', 'Vegyi lapanyag', 'mililiter', 1, 'Foszforsav.pdf', '2012-01-01', 3, 0x31),
(41, 'Glicerin', 'novochem', 'Ipari és gyógyszer-alapanyag', 'mililiter', 0, 'Glicerin.pdf', '2012-01-01', 3, 0x31),
(42, 'Glicin', 'novochem', 'Éelmiszeradalék, aminosav', 'gramm', 0, 'Glicin.pdf', '2012-01-01', 4, 0x31),
(43, 'Hangyasav 40-75%', 'novochem', 'Oldószer, adalék', 'mililiter', 3, 'Hangyasav 40-75%.pdf', '2012-01-01', 1, 0x31),
(44, 'Hidrogén-peroxid 35-50%', 'novochem', 'Fertőtlenítő, oxidálószer', 'mililiter', 5, 'Hidrogen-peroxid 35-50%.pdf', '2012-01-01', 3, 0x31),
(45, 'Izobutanol', 'novochem', 'Oldószer', 'mililiter', 5, 'Izobutanol.pdf', '2012-01-01', 3, 0x31),
(46, 'Izobutil-acetát', 'novochem', 'Oldószer, tisztítószer', 'mililiter', 4, 'Izobutil-acetat.pdf', '2012-01-01', 3, 0x31),
(47, 'Izopropil-alkohol', 'novochem', 'Tisztító és fertőtlenítőszer', 'mililiter', 3, 'Izopropil-alkohol.pdf', '2012-01-01', 3, 0x31),
(48, 'JAR LEMON', 'novochem', 'Tisztítószer', 'mililiter', 2, 'JAR LEMON.pdf', '2012-01-01', 3, 0x31),
(49, 'Kalcium-acetát', 'novochem', 'Gyógysz alapanyag', 'mililiter', 0, 'Kalcium-acetat.pdf', '2012-01-01', 3, 0x31),
(50, 'Kalcium-klorid', 'novochem', 'pH szabályozó', 'gramm', 1, 'Kalcium-klorid.pdf', '2012-01-01', 3, 0x31),
(51, 'Kálium-klorid', 'novochem', 'Növényi tápelem, gyógszeralapanyag', 'gramm', 0, 'Kalium-klorid.pdf', '2012-01-01', 3, 0x31),
(52, 'Kálium-hidroxid', 'novochem', 'Reagens, elektrolit', 'mililiter', 3, 'Kalium-hidroxid.pdf', '2012-01-01', 3, 0x31),
(53, 'Kálium-jodid', 'novochem', 'Vegyipari gyártás', 'gramm', 3, 'Kalium-jodid.pdf', '2012-01-01', 3, 0x31),
(54, 'Kálium-nitrát', 'novochem', 'Növényi tápelem', 'gramm', 2, 'Kalium-nitrat.pdf', '2012-01-01', 3, 0x31),
(55, 'Karbamid 40%', 'novochem', 'Speciális gyanta gyrátásnál', 'mililiter', 0, 'Karbamid 40%.pdf', '2012-01-01', 3, 0x31),
(56, 'Kén', 'novochem', 'Vegyipari nyersanyag', 'gramm', 0, 'Ken.pdf', '2012-01-01', 3, 0x31),
(57, 'Kénsav tömény', 'novochem', 'Oldószer', 'mililiter', 2, 'Kensav tomeny.pdf', '2012-01-01', 3, 0x31),
(58, 'Kloroform', 'novochem', 'Oldószer', 'mililiter', 8, 'Kloroform.pdf', '2012-01-01', 3, 0x31),
(59, 'L-arabinóz', 'novochem', 'Mono-cukor', 'gramm', 0, 'L-arabinoz.pdf', '2012-01-01', 4, 0x31),
(60, 'Lauril alkohol', 'novochem', '1-Dodekanol Alkohol C-12', 'mililiter', 3, 'Lauril alkohol.pdf', '2012-01-01', 3, 0x31),
(61, 'L-Leucin', 'novochem', 'Élelmiszeripari adalék', 'gramm', 0, 'L-Leucin.pdf', '2012-01-01', 3, 0x31),
(62, 'Magnézium-klorid', 'novochem', 'Ipari alapanyag', 'gramm', 0, 'Magnezium-klorid.pdf', '2012-01-01', 4, 0x31),
(63, 'Magnézium-oxid', 'novochem', 'Műtrágya alapanyag, nővényi tápanyag', 'gramm', 0, 'Magnezium-oxid.pdf', '2012-01-01', 1, 0x31),
(64, 'Mangan-dioxid', 'novochem', 'Ipari pigment', 'mililiter', 3, 'Mangan-dioxid.pdf', '2012-01-01', 1, 0x31),
(65, 'Metanol', 'novochem', 'Oldószer', 'mililiter', 5, 'Metanol.pdf', '2012-01-01', 1, 0x31),
(66, 'Metilén-klorid', 'novochem', 'Oldószer', 'mililiter', 6, 'Metilen-klorid.pdf', '2012-01-01', 3, 0x31),
(67, 'Metil-etil-keton', 'novochem', 'Oldószer, növényvédőszer alapanyag', 'mililiter', 3, 'Metil-etil-keton.pdf', '2012-01-01', 3, 0x31),
(68, 'Monoammónium-dihidrogén-foszfá', 'novochem', 'Műtárgya alapanyag', 'gramm', 0, 'Monoammonium-dihidrogen-foszfat.pdf', '2012-01-01', 3, 0x31),
(69, 'Nátrium-klorid', 'novochem', 'Oldószer', 'gramm', 0, 'Natrium klorid.pdf', '2012-01-01', 3, 0x31),
(70, 'Nátrium nitrit 40%', 'novochem', 'Növényi tápanyag', 'mililiter', 3, 'Natrium nitrit 40%.pdf', '2012-01-01', 3, 0x31),
(71, 'Nátrium-benzoát', 'novochem', 'Élelmiszer és vagyipari alapanyag', 'gramm', 0, 'Natrium-benzoat.pdf', '2012-01-01', 3, 0x31),
(72, 'Nátrium-dihidrogén-foszfát', 'novochem', 'Élelmiszer és gyógyszer-alapanyag', 'gramm', 0, 'Natrium-dihidrogen-foszfat.pdf', '2012-01-01', 3, 0x31),
(73, 'Natrium-hidroxid 29-32%', 'novochem', 'Vegyipari alapanyag, pH-szabályozó', 'mililiter', 5, 'Natrium-hidroxid 29-32%.pdf', '2012-01-01', 3, 0x31),
(74, 'Nátrium-nitrit', 'novochem', 'Redukálószer, színezőanyag', 'gramm', 4, 'Natrium-nitrit.pdf', '2012-01-01', 3, 0x31),
(75, 'N-Butanol', 'novochem', 'Oldószer, ipari alapanyag', 'mililiter', 4, 'N-Butanol.pdf', '2012-01-01', 3, 0x31),
(76, 'Perklór-etilén', 'novochem', 'Zsírok oldószere, extrahálószere', 'mililiter', 15, 'Perklor-etilen.pdf', '2012-01-01', 3, 0x31),
(77, 'Piperidine', 'novochem', 'Vegyipari reagens', 'mililiter', 4, 'Piperidine.pdf', '2012-01-01', 3, 0x31),
(78, 'Polietilén-glikol 200', 'novochem', 'Vegyipari alapanyag, vízlágytó', 'mililiter', 0, 'Polietilen-glikol 200.pdf', '2012-01-01', 4, 0x31),
(79, 'Polietilén-glikol 300', 'novochem', 'Vegyipari alapanyag, vízlágytó', 'mililiter', 0, 'Polietilen-glikol 300.pdf', '2012-01-01', 4, 0x31),
(80, 'Polietilén-glikol 400', 'novochem', 'Vegyipari alapanyag, vízlágytó', 'mililiter', 0, 'Polietilen-glikol 400.pdf', '2012-01-01', 4, 0x31),
(81, 'Politetrahidrofurán', 'novochem', 'Vegyipari alapanyag', 'gramm', 1, 'PolyTHF 650S.pdf', '2012-01-01', 3, 0x31),
(82, 'Réz(II)-hidroxid', 'novochem', 'Gombaölőszer alapanyag', 'gramm', 4, 'Rez(II)-hidroxid.pdf', '2012-01-01', 3, 0x31),
(83, 'Réz(II)-klorid dihidrát', 'novochem', 'Vegyipari alapanyag', 'mililiter', 4, 'Rez(II)-klorid dihidrat.pdf', '2012-01-01', 1, 0x31),
(84, 'Salétromsav', 'novochem', 'Vegyipari alapanyag, pH-szabályozó', 'mililiter', 3, 'Saletromsav.pdf', '2012-01-01', 1, 0x31),
(85, 'Sósav', 'novochem', 'Vegyipari alapanyag, pH-szabályozó', 'mililiter', 3, 'Sosav.pdf', '2012-01-01', 1, 0x31),
(86, 'Tejsav', 'novochem', 'Vegyipari alapanyag', 'mililiter', 2, 'Tejsav Lactic acid.pdf', '2012-01-01', 1, 0x31),
(87, 'Toluol', 'novochem', 'Oldószer', 'mililiter', 6, 'Toluol.pdf', '2012-01-01', 1, 0x31),
(88, 'Triklór-etilén', 'novochem', 'Oldószer', 'mililiter', 6, 'Triklor-etilen.pdf', '2012-01-01', 3, 0x31),
(89, 'Trinátrium-foszfát', 'novochem', 'Ipari zsírtalanítószer', 'gramm', 3, 'Trinatrium-foszfat.pdf', '2012-01-01', 4, 0x31),
(90, 'Vas (II)-szulfát', 'novochem', 'Víztisztításhoz', 'gramm', 4, 'Vas (II)-szulfat.pdf', '2019-01-27', 1, 0x30),
(91, 'Vas (III)-klorid', 'novochem', 'Víztisztításhoz, analítikai reagens', 'mililiter', 5, 'Vas (III)-klorid.pdf', '2012-01-01', 4, 0x31),
(92, 'Zetanil', 'novochem', 'Gombaölő permetszer', 'gramm', 4, 'Zetanil.pdf', '2012-01-01', 4, 0x31),
(93, '2-Metil-tetrahidrofurán', 'reanal', 'Oldószer, vegyiprai alapanyag', 'mililiter', 4, 'Metil-tetrahidrofuran.PDF', '2012-01-03', 3, 0x31),
(94, 'Etanol-amin', 'reanal', '2-Amino-etanol', 'mililiter', 5, 'EtanolAmin.PDF', '2012-01-03', 3, 0x31),
(95, 'Butanol', 'reanal', 'Oldószer', 'mililiter', 6, '1-Butanol.PDF', '2012-01-03', 1, 0x31),
(96, 'Dietil-éter', 'reanal', 'Oldószer', 'mililiter', 2, 'DietilEter.PDF', '2012-01-03', 0, 0x31),
(97, 'Etilénglikol', 'reanal', 'Etán-1,2-diol, Oldószer', 'mililiter', 2, 'Etilenglikol02.PDF', '2012-01-03', 1, 0x31),
(98, 'Glicerin', 'reanal', 'Ipari és gyógyszer-alapanyag', 'mililiter', 0, 'Glicerin02.PDF', '2012-01-03', 1, 0x31),
(99, 'Metanol', 'reanal', 'Oldószer', 'mililiter', 5, 'Metanol02.PDF', '2012-01-03', 1, 0x31),
(100, '1,2-Propilén-oxid', 'reanal', 'Oxetán', 'mililiter', 9, 'Oxetan.PDF', '2012-01-03', 1, 0x31),
(101, 'Propán-2-ol', 'reanal', 'Oldószer', 'mililiter', 9, 'Propan-2-ol.PDF', '2012-01-03', 1, 0x31),
(102, 'Dikálium-hidrogén-foszfát', 'reanal', 'Dikálium-hidrogén-foszfát-3-hidrát', 'gramm', 0, 'DiKalium-hidrogen-foszfat.PDF', '2012-01-03', 1, 0x31),
(103, 'Kalcium-hidrogen-foszfát', 'reanal', 'Kalcium-hidrogen-foszfát 2-hidrát', 'gramm', 0, 'Kalcium-hidrogen-foszfat.PDF', '2012-01-03', 1, 0x31),
(104, 'Kalcium-klorid', 'reanal', 'Kalcium-klorid 2-hidrát', 'gramm', 1, 'Kalcium-klorid02.PDF', '2012-01-03', 1, 0x31),
(105, 'Kálium-dihidrogén-foszfát', 'reanal', 'pH szabályozó', 'gramm', 0, 'Kalium-dihidrogen-foszfat.PDF', '2012-01-03', 1, 0x31),
(106, 'Kálium-jodid', 'reanal', 'Vegyipari adalék', 'gramm', 1, 'Kalium-jodid02.PDF', '2012-01-03', 3, 0x31),
(107, 'Kálium-jodát', 'reanal', 'Vegyipari adalék', 'gramm', 5, 'Kalium-jodat.PDF', '2012-01-03', 3, 0x31),
(108, 'Kálium-klorid', 'reanal', 'Vegyipari adalék', 'gramm', 0, 'Kalium-klorid02.PDF', '2012-01-03', 3, 0x31),
(109, 'Kálium-nitrit', 'reanal', 'Vegyipari adalék', 'gramm', 3, 'Kalium-nitrit.PDF', '2012-01-03', 3, 0x31),
(110, 'Kálium-nitrát', 'reanal', 'Vegyipari adalék', 'mililiter', 1, 'Kalium-nitrat02.PDF', '2012-01-03', 3, 0x31),
(111, 'Kálium-perklorát', 'reanal', 'Vegyipari adalék', 'gramm', 2, 'Kalium-perklorat.PDF', '2012-01-03', 3, 0x31),
(112, 'Kálium-perszulfát', 'reanal', 'Vegyipari adalék', 'gramm', 7, 'Kalium-perszulfat.PDF', '2012-01-03', 3, 0x31),
(113, 'Kálium-permanganát', 'reanal', 'Oxidálószer, vegyipari adalék', 'gramm', 3, 'Kalium-permanganat.pdf', '2012-01-03', 3, 0x31),
(114, 'Kálium-pirofoszfát', 'reanal', 'Vegyipari adalék', 'gramm', 0, 'Kalium-pirofoszfat.PDF', '2012-01-03', 3, 0x31),
(115, 'Kálium-szulfát', 'reanal', 'Vegyipari adalék', 'gramm', 0, 'Kalium-szulfat.PDF', '2012-01-03', 3, 0x31),
(116, 'Lítium-klorid', 'reanal', 'Vízmentes, vegyipari adalék', 'gramm', 3, 'Litium-klorid.PDF', '2012-01-03', 4, 0x31),
(117, 'Magnézium-klorid', 'reanal', 'Magnézium-klorid 6-hidrát, vegyipari adalék', 'mililiter', 0, 'Magnezium-klorid02.PDF', '2012-01-03', 3, 0x31),
(118, 'Di-Nátrium-hidrogén-foszfát', 'reanal', 'Di-Nátrium-hidrogén-foszfát 12-hidrát, pH szabályozó', 'gramm', 0, 'DiNatrium-hidrogen-foszfat.PDF', '2012-01-03', 3, 0x31),
(119, 'Nátrium-dihidrogén-foszfát', 'reanal', 'Nátrium-dihidrogén-foszfát 1víz, vegyipari adalék', 'gramm', 0, 'Natrium-hidrogen-karbonat.PDF', '2012-01-03', 3, 0x31),
(120, 'Nátrium-hidrogén-karbonát', 'reanal', 'Vegyipari adalék', 'gramm', 0, 'Natrium-hidrogen-karbonat.PDF', '2012-01-03', 3, 0x31),
(121, 'Nátrium-nitrát', 'reanal', 'Vegyipari adalék', 'gramm', 2, 'Natrium-nitrat.PDF', '2012-01-03', 3, 0x31),
(122, 'Nátrium-peroxid', 'reanal', 'Vegyipari adalék', 'gramm', 3, 'Natrium-peroxid.PDF', '2012-01-03', 3, 0x31),
(123, 'Szulfursav', 'reanal', 'Vegyipari adalék', 'mililiter', 2, 'Szulfursav.PDF', '2012-01-03', 3, 0x31),
(124, 'Aceton', 'chemoker', 'Vegyipari oldószer', 'mililiter', 4, 'aceton02.pdf', '2012-02-03', 3, 0x31),
(125, 'Ammónim-nitrát', 'chemoker', 'Vegyipari adalék', 'gramm', 1, 'ammonium_nitrat.pdf', '2012-02-03', 3, 0x31),
(126, 'Ammónium-acetát', 'chemoker', 'Vegyipari adalék', 'gramm', 0, 'ammonium_acetat.pdf', '2012-02-03', 3, 0x31),
(127, 'Aszkorbinsav', 'chemoker', 'L(+)-Aszkorbinsav', 'gramm', 4, 'aszkorbinsav02.pdf', '2012-02-03', 3, 0x31),
(128, 'Ecetsav', 'chemoker', 'Ecetsav 98-100%, vegyipari oldószer', 'mililiter', 2, 'ecetsav02.pdf', '2012-02-03', 3, 0x31),
(129, 'Éter', 'chemoker', 'Dietil-éter vegyipari oldószer', 'mililiter', 5, 'eter.pdf', '2012-02-03', 1, 0x31),
(130, 'Etanol', 'chemoker', 'Etil-alkohol, 96%, vegyipari oldószer', 'mililiter', 1, 'etilalkohol.pdf', '2012-02-03', 3, 0x31),
(131, 'Dinátrium-foszfát', 'chemoker', 'Vegyipari pH szabályozó', 'gramm', 0, 'dinatrium_hidrogenfoszfat.pdf', '2012-02-03', 4, 0x31),
(132, 'Foszforsav', 'chemoker', 'Vegyipari oldószer', 'mililiter', 1, 'foszforsav02.pdf', '2012-02-03', 4, 0x31),
(133, 'Formaldehid', 'chemoker', 'Vegyipari oldószer', 'mililiter', 9, 'formaldehid.pdf', '2012-02-03', 3, 0x31),
(134, 'Kálium-dihidrogén-foszfát', 'chemoker', 'Vegyipari pH szabályozó', 'gramm', 0, 'kalium_dihidrogenfoszfat.pdf', '2012-02-03', 3, 0x31),
(135, 'Metanol', 'chemoker', 'Vegyipari oldószer', 'mililiter', 5, 'metilalkohol.pdf', '2012-02-03', 3, 0x31),
(136, 'Hidrogán-peroxid', 'chemoker', 'Fertőtlenítőszer 30-35%', 'mililiter', 4, 'hidrogen_peroxid.pdf', '2012-02-03', 3, 0x31),
(137, 'Nátrium-dihidrogén-foszfát', 'chemoker', 'Vegyipari pH szabályozó', 'gramm', 0, 'natrium_dihidrogenfoszfat.pdf', '2012-02-03', 3, 0x31),
(138, 'Nátrium-hidrogén-karbonát', 'chemoker', 'Vegyipari oldószer', 'gramm', 0, 'natrium_hidrogenkarbonat.pdf', '2012-02-03', 3, 0x31),
(139, 'Salétromsav', 'chemoker', '65% töménység, vegyipari sav', 'mililiter', 4, 'saletromsav02.pdf', '2012-02-03', 4, 0x31),
(140, 'Sósav', 'chemoker', 'HCl 30-33%, vegyipari sav', 'mililiter', 3, 'sosav02.pdf', '2012-02-03', 3, 0x31),
(141, 'Palmitinsav', 'chemoker', 'Hexadekánsav >98%', 'gramm', 0, 'palmitinsav.pdf', '2012-02-03', 3, 0x31),
(142, 'Tejsav', 'chemoker', 'Vegyipari adalék', 'mililiter', 3, 'tejsav.pdf', '2012-02-03', 1, 0x31),
(143, 'Toluol', 'chemoker', 'Vegyipari oldószer', 'mililiter', 6, 'toluol02.pdf', '2012-02-03', 1, 0x31),
(144, 'pocokírtó', 'chemoker', 'szar, ne egyed', 'gramm', 10, 'nemKaja.doc', '2019-01-28', 1, 0x31);

--
-- Indexek a kiírt táblákhoz
--

--
-- A tábla indexei `baleset`
--
ALTER TABLE `baleset`
  ADD PRIMARY KEY (`baleset_id`);

--
-- A tábla indexei `beszallito`
--
ALTER TABLE `beszallito`
  ADD PRIMARY KEY (`beszallito_id`);

--
-- A tábla indexei `felhaszn`
--
ALTER TABLE `felhaszn`
  ADD PRIMARY KEY (`user_id`);

--
-- A tábla indexei `felhasznadatok`
--
ALTER TABLE `felhasznadatok`
  ADD PRIMARY KEY (`user_id`);

--
-- A tábla indexei `jogosultsag`
--
ALTER TABLE `jogosultsag`
  ADD PRIMARY KEY (`jog_id`);

--
-- A tábla indexei `raktmennyiseg`
--
ALTER TABLE `raktmennyiseg`
  ADD UNIQUE KEY `termek_kod` (`termek_kod`);

--
-- A tábla indexei `raktminoseg`
--
ALTER TABLE `raktminoseg`
  ADD PRIMARY KEY (`termek_min_id`);

--
-- A kiírt táblák AUTO_INCREMENT értéke
--

--
-- AUTO_INCREMENT a táblához `baleset`
--
ALTER TABLE `baleset`
  MODIFY `baleset_id` int(11) NOT NULL AUTO_INCREMENT, AUTO_INCREMENT=4;

--
-- AUTO_INCREMENT a táblához `felhaszn`
--
ALTER TABLE `felhaszn`
  MODIFY `user_id` int(11) NOT NULL AUTO_INCREMENT, AUTO_INCREMENT=8;

--
-- AUTO_INCREMENT a táblához `raktminoseg`
--
ALTER TABLE `raktminoseg`
  MODIFY `termek_min_id` int(10) UNSIGNED NOT NULL AUTO_INCREMENT, AUTO_INCREMENT=145;
COMMIT;

/*!40101 SET CHARACTER_SET_CLIENT=@OLD_CHARACTER_SET_CLIENT */;
/*!40101 SET CHARACTER_SET_RESULTS=@OLD_CHARACTER_SET_RESULTS */;
/*!40101 SET COLLATION_CONNECTION=@OLD_COLLATION_CONNECTION */;
